symbol,strategy,params,sharpe,return,max_dd,total_trades,final_equity
AAPL,RSIStrategy,RSI(14/30/70),0.14886873355824184,0.025644428719235935,0.20242212692684608,25,115345.95178913008
AAPL,RSIStrategy,RSI(14/30/70),0.20090503658249276,0.036747535980017,0.18415984568672067,24,121990.1921658197
AAPL,RSIStrategy,RSI(14/30/70),0.1404381478871474,0.02684962249339329,0.18279241602998542,23,116067.15504763377
AAPL,RSIStrategy,RSI(14/30/70),0.22330764370965006,0.039039512520786204,0.15699278925871646,23,123361.74003228001
AAPL,RSIStrategy,RSI(14/30/70),0.4648640015782768,0.08615904466410376,0.14426694574396356,22,151558.66641010653
AAPL,RSIStrategy,RSI(14/30/70),0.23036587829360655,0.045091328116271964,0.2207154500634296,21,126983.22333307068
AAPL,RSIStrategy,RSI(14/30/75),0.2349383622821132,0.04123011836480701,0.19629243082551592,25,124672.62638655912
AAPL,RSIStrategy,RSI(14/30/75),0.3135255910008197,0.05907499751739623,0.18415984568672067,24,135351.22867310853
AAPL,RSIStrategy,RSI(14/30/75),0.2615692559856996,0.05191560786175841,0.18279241602998542,23,131066.95899029035
AAPL,RSIStrategy,RSI(14/30/75),0.22330764370965006,0.039039512520786204,0.15699278925871646,22,123361.74003228001
AAPL,RSIStrategy,RSI(14/30/75),0.4648640015782768,0.08615904466410376,0.14426694574396356,21,151558.66641010653
AAPL,RSIStrategy,RSI(14/30/75),0.23036587829360655,0.045091328116271964,0.2207154500634296,20,126983.22333307068
AAPL,RSIStrategy,RSI(14/35/70),0.3594799378529005,0.074158101503356,0.21805550888131187,34,144377.14962978606
AAPL,RSIStrategy,RSI(14/35/70),0.6411625293367605,0.1512887059780072,0.1810941747527201,33,190533.08278366463
AAPL,RSIStrategy,RSI(14/35/70),0.687240434724917,0.1691915855135493,0.18109417475272002,33,201246.39323588583
AAPL,RSIStrategy,RSI(14/35/70),0.7664217764524849,0.15460773919898188,0.23938117929308364,30,192519.23440954948
AAPL,RSIStrategy,RSI(14/35/70),1.326552524812163,0.29937846710475724,0.22959028581135382,29,279151.876346815
AAPL,RSIStrategy,RSI(14/35/70),1.4421137031764046,0.34654409321133045,0.22152172638777462,29,307376.38593757397
AAPL,RSIStrategy,RSI(14/35/75),0.44811362766914575,0.09366652300527199,0.2128290233803921,34,156051.2367825199
AAPL,RSIStrategy,RSI(14/35/75),0.7747423927906895,0.18616134616262134,0.1810941747527201,33,211401.31349731467
AAPL,RSIStrategy,RSI(14/35/75),0.8440992543674046,0.21265296910838913,0.18109417475272002,33,227254.23706962334
AAPL,RSIStrategy,RSI(14/35/75),0.7664217764524849,0.15460773919898188,0.23938117929308364,29,192519.23440954948
AAPL,RSIStrategy,RSI(14/35/75),1.326552524812163,0.29937846710475724,0.22959028581135382,28,279151.876346815
AAPL,RSIStrategy,RSI(14/35/75),1.4421137031764046,0.34654409321133045,0.22152172638777462,28,307376.38593757397
AAPL,RSIStrategy,RSI(14/40/70),0.16877328703165742,0.03814522268789897,0.4326072862000998,37,122826.58564021891
AAPL,RSIStrategy,RSI(14/40/70),0.4372434265820714,0.10912855199773742,0.3435369593520268,37,165303.91127483652
AAPL,RSIStrategy,RSI(14/40/70),0.47014066387614284,0.11973402239095565,0.3292586003530466,36,171650.35943077822
AAPL,RSIStrategy,RSI(14/40/70),0.39163092110375053,0.08488600124205431,0.26646213656465023,34,150796.8610607214
AAPL,RSIStrategy,RSI(14/40/70),0.9201906203762226,0.21964322321151278,0.23772823036489477,34,231437.293890064
AAPL,RSIStrategy,RSI(14/40/70),0.91683744088936,0.23236821030436924,0.23772823036489482,33,239052.087753567
AAPL,RSIStrategy,RSI(14/40/75),0.37274823444280847,0.08527325865829442,0.36334318608368893,37,151028.60081615398
AAPL,RSIStrategy,RSI(14/40/75),0.7159537597935369,0.18161749360615856,0.3309893494987846,36,208682.21442781235
AAPL,RSIStrategy,RSI(14/40/75),0.7318539721157306,0.189079023465513,0.3292586003530466,35,213147.28864523556
AAPL,RSIStrategy,RSI(14/40/75),0.6648618972595295,0.14658984078135007,0.23849033186081942,34,187721.22218185553
AAPL,RSIStrategy,RSI(14/40/75),1.3136811054627062,0.3185085646476604,0.20866072324042328,33,290599.56963836186
AAPL,RSIStrategy,RSI(14/40/75),1.173851241810012,0.3004829642850474,0.2086607232404233,32,279812.82148486166
TSLA,RSIStrategy,RSI(14/30/70),-0.09926694212272334,-0.03088595064552002,0.44376239022383734,45,81517.45493117294
TSLA,RSIStrategy,RSI(14/30/70),0.0891866536390763,0.03114628795258443,0.5166339365446774,44,118638.33421924496
TSLA,RSIStrategy,RSI(14/30/70),0.005715636341157018,0.002039001706887661,0.5428554699834678,43,101220.16451348674
TSLA,RSIStrategy,RSI(14/30/70),-0.011180991685784687,-0.0036853441209120244,0.4055912387927751,41,97794.64328002566
TSLA,RSIStrategy,RSI(14/30/70),0.25791472928869635,0.09504094056067573,0.4748287999500295,41,156873.70570059484
TSLA,RSIStrategy,RSI(14/30/70),0.3701853309551204,0.13616662461002157,0.36323581420514056,38,181483.83726663195
TSLA,RSIStrategy,RSI(14/30/75),-0.09926694212272334,-0.03088595064552002,0.44376239022383734,45,81517.45493117294
TSLA,RSIStrategy,RSI(14/30/75),0.0891866536390763,0.03114628795258443,0.5166339365446774,44,118638.33421924496
TSLA,RSIStrategy,RSI(14/30/75),0.005715636341157018,0.002039001706887661,0.5428554699834678,43,101220.16451348674
TSLA,RSIStrategy,RSI(14/30/75),-0.011180991685784687,-0.0036853441209120244,0.4055912387927751,41,97794.64328002566
TSLA,RSIStrategy,RSI(14/30/75),0.25791472928869635,0.09504094056067573,0.4748287999500295,41,156873.70570059484
TSLA,RSIStrategy,RSI(14/30/75),0.3701853309551204,0.13616662461002157,0.36323581420514056,38,181483.83726663195
TSLA,RSIStrategy,RSI(14/35/70),-0.1888823293372935,-0.07000677264474912,0.6202771499393736,63,58107.0582744914
TSLA,RSIStrategy,RSI(14/35/70),-0.16961895242658748,-0.06418806690618024,0.5999800322387646,57,61589.04567677785
TSLA,RSIStrategy,RSI(14/35/70),-0.20783039835187805,-0.08105387228704705,0.6895338193499921,54,51496.33356790994
TSLA,RSIStrategy,RSI(14/35/70),-0.1557930359320668,-0.059431693743638395,0.6003517331842319,56,64435.319775632255
TSLA,RSIStrategy,RSI(14/35/70),-0.08612927023751947,-0.03502527414365021,0.5977020103293584,53,79040.43118705376
TSLA,RSIStrategy,RSI(14/35/70),-0.008413210942264627,-0.0034323247603473502,0.5691654394681916,51,97946.05327833182
TSLA,RSIStrategy,RSI(14/35/75),-0.1888823293372935,-0.07000677264474912,0.6202771499393736,63,58107.0582744914
TSLA,RSIStrategy,RSI(14/35/75),-0.16961895242658748,-0.06418806690618024,0.5999800322387646,57,61589.04567677785
TSLA,RSIStrategy,RSI(14/35/75),-0.20783039835187805,-0.08105387228704705,0.6895338193499921,53,51496.33356790994
TSLA,RSIStrategy,RSI(14/35/75),-0.1557930359320668,-0.059431693743638395,0.6003517331842319,56,64435.319775632255
TSLA,RSIStrategy,RSI(14/35/75),-0.08612927023751947,-0.03502527414365021,0.5977020103293584,53,79040.43118705376
TSLA,RSIStrategy,RSI(14/35/75),0.00042967023802817676,0.00017483243998957243,0.5596705598395638,50,100104.62195218423
TSLA,RSIStrategy,RSI(14/40/70),-0.22253741141091757,-0.08969497960439078,0.7272388520135855,75,46325.38522086457
TSLA,RSIStrategy,RSI(14/40/70),-0.1966228576452146,-0.08068884622025986,0.6751952963745947,66,51714.76980152704
TSLA,RSIStrategy,RSI(14/40/70),-0.2583149897932363,-0.10711679182861238,0.782375016537696,63,35899.95155652878
TSLA,RSIStrategy,RSI(14/40/70),-0.10149399633674322,-0.04240053009047048,0.5794399261568214,65,74626.98437443275
TSLA,RSIStrategy,RSI(14/40/70),-0.05224170198492515,-0.02264297480355268,0.5206547397395924,62,86450.1563477153
TSLA,RSIStrategy,RSI(14/40/70),-0.14784720826589276,-0.06274442942324004,0.6680461940671655,57,62452.93667847381
TSLA,RSIStrategy,RSI(14/40/75),-0.22253741141091757,-0.08969497960439078,0.7272388520135855,75,46325.38522086457
TSLA,RSIStrategy,RSI(14/40/75),-0.1966228576452146,-0.08068884622025986,0.6751952963745947,66,51714.76980152704
TSLA,RSIStrategy,RSI(14/40/75),-0.2583149897932363,-0.10711679182861238,0.782375016537696,61,35899.95155652878
TSLA,RSIStrategy,RSI(14/40/75),-0.10149399633674322,-0.04240053009047048,0.5794399261568214,65,74626.98437443275
TSLA,RSIStrategy,RSI(14/40/75),-0.05224170198492515,-0.02264297480355268,0.5206547397395924,62,86450.1563477153
TSLA,RSIStrategy,RSI(14/40/75),-0.1395601115834687,-0.059188433862146554,0.6567355639939789,55,64580.889577731345
SPY,RSIStrategy,RSI(14/30/70),0.20984661005326782,0.03216804051238923,0.20387292954827776,18,119249.76392566784
SPY,RSIStrategy,RSI(14/30/70),0.05593037379141945,0.008567237856667775,0.25835615003448953,18,105126.74392375199
SPY,RSIStrategy,RSI(14/30/70),0.16885462019965627,0.026789901071729832,0.2547925514515181,18,116031.41699054309
SPY,RSIStrategy,RSI(14/30/70),0.09239664710627019,0.014030428326486297,0.2304173261830119,18,108395.98647473862
SPY,RSIStrategy,RSI(14/30/70),0.16488878565191423,0.027128975714401746,0.25988506297602915,18,116234.3235624277
SPY,RSIStrategy,RSI(14/30/70),0.3057123666859254,0.0520614515165511,0.24786244942002783,18,131154.2336853012
SPY,RSIStrategy,RSI(14/30/75),0.20984661005326782,0.03216804051238923,0.20387292954827776,17,119249.76392566784
SPY,RSIStrategy,RSI(14/30/75),0.05593037379141945,0.008567237856667775,0.25835615003448953,17,105126.74392375199
SPY,RSIStrategy,RSI(14/30/75),0.16885462019965627,0.026789901071729832,0.2547925514515181,17,116031.41699054309
SPY,RSIStrategy,RSI(14/30/75),0.09239664710627019,0.014030428326486297,0.2304173261830119,17,108395.98647473862
SPY,RSIStrategy,RSI(14/30/75),0.16488878565191423,0.027128975714401746,0.25988506297602915,17,116234.3235624277
SPY,RSIStrategy,RSI(14/30/75),0.3057123666859254,0.0520614515165511,0.24786244942002783,17,131154.2336853012
SPY,RSIStrategy,RSI(14/35/70),0.47489816654696015,0.08626428201612074,0.3280691029674749,26,151621.64177790083
SPY,RSIStrategy,RSI(14/35/70),0.33246425813254055,0.06349650796790318,0.3280691029674749,26,137997.11667285635
SPY,RSIStrategy,RSI(14/35/70),0.5187099275525665,0.10912436476943299,0.3280691029674749,26,165301.405584248
SPY,RSIStrategy,RSI(14/35/70),0.34253844753439555,0.05982072599160159,0.3280691029674749,23,135797.48206164094
SPY,RSIStrategy,RSI(14/35/70),0.30819393806465867,0.054204907377772255,0.3280691029674749,23,132436.9048911431
SPY,RSIStrategy,RSI(14/35/70),0.45493067063913356,0.08744448871378593,0.3280691029674749,23,152327.8924525354
SPY,RSIStrategy,RSI(14/35/75),0.47489816654696015,0.08626428201612074,0.3280691029674749,25,151621.64177790083
SPY,RSIStrategy,RSI(14/35/75),0.33246425813254055,0.06349650796790318,0.3280691029674749,25,137997.11667285635
SPY,RSIStrategy,RSI(14/35/75),0.5187099275525665,0.10912436476943299,0.3280691029674749,25,165301.405584248
SPY,RSIStrategy,RSI(14/35/75),0.34253844753439555,0.05982072599160159,0.3280691029674749,22,135797.48206164094
SPY,RSIStrategy,RSI(14/35/75),0.30819393806465867,0.054204907377772255,0.3280691029674749,22,132436.9048911431
SPY,RSIStrategy,RSI(14/35/75),0.45493067063913356,0.08744448871378593,0.3280691029674749,22,152327.8924525354
SPY,RSIStrategy,RSI(14/40/70),0.4606321032234816,0.08416120519469752,0.38831820410173773,34,150363.13390222375
SPY,RSIStrategy,RSI(14/40/70),0.006256905178755934,0.0011789123243317642,0.38831820410173773,32,100705.47610519535
SPY,RSIStrategy,RSI(14/40/70),0.12062403957678067,0.0246306395773228,0.38831820410173773,32,114739.28749309634
SPY,RSIStrategy,RSI(14/40/70),0.3810901719679486,0.06556099910347107,0.4039505898478048,30,139232.53438414063
SPY,RSIStrategy,RSI(14/40/70),0.13979796352199209,0.02506655433170094,0.4039505898478048,29,115000.14441754167
SPY,RSIStrategy,RSI(14/40/70),0.1983280930738883,0.03695097318830911,0.4039505898478048,29,122111.93157459133
SPY,RSIStrategy,RSI(14/40/75),0.5637548912657604,0.1047711559941061,0.38831820410173773,33,162696.3901742508
SPY,RSIStrategy,RSI(14/40/75),0.09722386554694769,0.01879714557619592,0.38831820410173773,31,111248.45060670772
SPY,RSIStrategy,RSI(14/40/75),0.23639598103812096,0.049963829098406284,0.38831820410173773,31,129898.98979380821
SPY,RSIStrategy,RSI(14/40/75),0.3810901719679486,0.06556099910347107,0.4039505898478048,28,139232.53438414063
SPY,RSIStrategy,RSI(14/40/75),0.13979796352199209,0.02506655433170094,0.4039505898478048,27,115000.14441754167
SPY,RSIStrategy,RSI(14/40/75),0.1983280930738883,0.03695097318830911,0.4039505898478048,27,122111.93157459133
SPY,MACrossoverStrategy,MA(5/15),1.0658601055343269,0.19406351339795797,0.12895215630107143,41,216130.07071592085
SPY,MACrossoverStrategy,MA(5/15),1.243516799280705,0.2796412187956444,0.15895626171238336,41,267340.85632691736
SPY,MACrossoverStrategy,MA(5/15),0.713386298370273,0.13539714627572733,0.2035177930341228,41,181023.37166023682
SPY,MACrossoverStrategy,MA(5/15),0.8171212799390899,0.18986006375940118,0.25042882995657306,41,213614.67307507023
SPY,MACrossoverStrategy,MA(10/20),0.9614343852355671,0.16848282242883697,0.18817387694017768,22,200822.26040582784
SPY,MACrossoverStrategy,MA(10/20),0.6869991920986992,0.11766215983776368,0.18817387694017762,22,170410.5305695824
SPY,MACrossoverStrategy,MA(10/20),0.859492586360497,0.15431818298328454,0.212206480136978,22,192345.96029317187
SPY,MACrossoverStrategy,MA(10/20),0.7649379154968335,0.14808468385008003,0.21220648013697818,22,188615.75525631773
SPY,MACrossoverStrategy,MA(10/30),0.8361846259771046,0.1334168177026059,0.14540359145388077,18,179838.31789505147
SPY,MACrossoverStrategy,MA(10/30),0.7065968858503632,0.12012893013502772,0.1454035914538807,18,171886.67723953247
SPY,MACrossoverStrategy,MA(10/30),0.8184953224784701,0.13190582627975717,0.1545459695867103,18,178934.1214404261
SPY,MACrossoverStrategy,MA(10/30),0.7553676094863939,0.1293018847041697,0.15454596958671038,18,177375.8897356698
