,Date,Open,High,Low,Close,Volume
0,2020-11-27,9.8,9.82,9.8,9.82,4516
1,2020-11-30,9.82,10.8,9.72,9.95,53257
2,2020-12-01,9.8734,9.97,9.8734,9.97,2049
3,2020-12-02,10.11,10.11,9.97,10.05,78540
4,2020-12-03,10.05,10.05,10.05,10.05,1160
5,2020-12-04,10.04,10.1846,9.99,10.06,84105
6,2020-12-07,10.1,10.25,10.05,10.2,187661
7,2020-12-08,10.12,10.2,9.9,10.19,14329
8,2020-12-09,10.21,11.39,10.2,10.3,213447
9,2020-12-10,10.18,10.25,10.16,10.25,268544
10,2020-12-11,10.35,11.04,10.13,10.35,269432
11,2020-12-14,10.49,11.04,10.14,10.3,62784
12,2020-12-15,10.2237,10.46,10.0,10.3412,101231
13,2020-12-16,10.5,10.5665,10.25,10.44,4388
14,2020-12-17,10.275,10.5,10.2,10.3,8234
15,2020-12-18,10.2,10.34,10.15,10.34,27953
16,2020-12-21,10.2,10.33,10.2,10.23,411006
17,2020-12-22,10.25,10.28,10.15,10.24,41925
18,2020-12-23,10.1,10.33,10.1,10.25,69484
19,2020-12-24,10.3485,10.4999,10.2896,10.3,3141
20,2020-12-28,10.41,10.4516,10.32,10.32,280215
21,2020-12-29,10.38,10.605,9.97,10.29,96064
22,2020-12-30,10.44,10.69,10.29,10.42,356187
23,2020-12-31,10.68,10.68,10.11,10.11,131071
24,2021-01-04,10.3,10.65,10.22,10.3,57588
25,2021-01-05,10.44,10.6,10.3525,10.3525,16221
26,2021-01-06,10.45,10.45,10.22,10.38,6245
27,2021-01-07,10.42,10.42,10.3769,10.41,629
28,2021-01-08,10.3477,10.42,10.3,10.42,4145
29,2021-01-11,10.45,10.45,10.3,10.4,3901
30,2021-01-12,10.48,10.67,10.27,10.31,199635
31,2021-01-13,10.6,10.6,10.275,10.52,419356
32,2021-01-14,10.33,10.6,10.31,10.5,156662
33,2021-01-15,10.45,10.48,10.25,10.35,543831
34,2021-01-19,10.49,10.49,10.335,10.4,364135
35,2021-01-20,10.33,10.49,10.33,10.4248,54258
36,2021-01-21,10.49,10.59,10.34,10.42,16897
37,2021-01-22,10.51,10.68,10.46,10.5,82242
38,2021-01-25,10.59,10.72,10.43,10.46,101674
39,2021-01-26,10.47,10.57,10.35,10.45,281633
40,2021-01-27,10.3,10.38,10.2,10.3,336921
41,2021-01-28,10.4,10.42,10.3,10.39,316672
42,2021-01-29,10.35,10.39,10.3,10.38,57171
43,2021-02-01,10.38,10.44,10.32,10.35,49920
44,2021-02-02,10.37,10.5,10.36,10.5,50617
45,2021-02-03,10.51,10.63,10.46,10.62,74322
46,2021-02-04,10.59,10.75,10.45,10.51,73112
47,2021-02-05,10.47,10.54,10.46,10.52,48174
48,2021-02-08,10.51,10.53,10.45,10.45,67557
49,2021-02-09,10.5,10.5,10.37,10.39,53459
50,2021-02-10,10.45,10.45,10.35,10.43,91890
51,2021-02-11,10.45,11.21,10.4,10.52,373097
52,2021-02-12,10.5,10.56,10.41,10.46,283570
53,2021-02-16,10.49,10.55,10.41,10.48,111328
54,2021-02-17,10.6,10.8,10.5,10.76,209895
55,2021-02-18,10.75,10.99,10.63,10.98,287079
56,2021-02-19,10.75,10.98,10.73,10.8,165918
57,2021-02-22,10.75,10.79,10.6,10.7,220483
58,2021-02-23,10.56,10.56,10.15,10.45,162591
59,2021-02-24,10.45,10.66,10.33,10.44,104160
60,2021-02-25,10.51,10.58,10.2,10.32,130762
61,2021-02-26,10.41,10.517,10.22,10.25,150112
62,2021-03-01,13.45,15.1499,12.71,13.95,40481651
63,2021-03-02,14.5,15.15,13.01,13.14,10932300
64,2021-03-03,13.8,14.1,12.5,12.59,5236729
65,2021-03-04,12.5,12.63,11.06,11.33,6856171
66,2021-03-05,12.2,12.55,11.3,12.5,3702612
67,2021-03-08,13.03,13.2,11.91,12.0,2489166
68,2021-03-09,12.5,12.7,12.06,12.29,1773541
69,2021-03-10,12.5498,12.96,11.8,12.41,2066280
70,2021-03-11,12.81,12.81,12.12,12.41,1985600
71,2021-03-12,12.3,12.45,12.04,12.22,1249978
72,2021-03-15,12.44,12.58,12.08,12.31,1111799
73,2021-03-16,12.35,12.4,11.55,11.87,1552729
74,2021-03-17,11.7,12.18,11.5,11.99,1239811
75,2021-03-18,11.85,12.0399,11.31,11.47,1418013
76,2021-03-19,11.5075,12.06,11.29,11.6,856603
77,2021-03-22,12.25,13.17,12.01,12.51,2589383
78,2021-03-23,12.7735,12.95,11.91,12.08,1878377
79,2021-03-24,12.35,12.39,11.3,11.35,1909899
80,2021-03-25,11.13,11.89,10.8,11.89,3111905
81,2021-03-26,12.18,12.19,11.36,11.68,1194147
82,2021-03-29,12.1,12.6,11.71,11.85,1571053
83,2021-03-30,11.71,11.79,11.35,11.4,961550
84,2021-03-31,11.47,11.87,11.44,11.84,764602
85,2021-04-01,11.95,11.9916,11.23,11.48,1146966
86,2021-04-05,11.79,11.79,10.92,11.03,1442616
87,2021-04-06,11.09,11.09,10.89,10.99,717756
88,2021-04-07,11.0,11.32,10.6,10.78,1214216
89,2021-04-08,10.79,11.13,10.68,11.11,1018945
90,2021-04-09,11.15,11.25,10.9,11.1,791023
91,2021-04-12,11.0,11.16,10.7,10.84,676500
92,2021-04-13,10.79,10.87,10.6,10.81,719203
93,2021-04-14,11.21,11.21,10.64,10.74,731490
94,2021-04-15,10.86,10.86,10.5,10.53,996613
95,2021-04-16,10.5535,11.11,10.2696,10.9,1087315
96,2021-04-19,11.06,11.06,10.4001,10.74,890242
97,2021-04-20,10.49,10.79,10.27,10.55,882015
98,2021-04-21,10.5,10.79,10.37,10.55,353632
99,2021-04-22,10.65,10.69,10.45,10.56,612908
100,2021-04-23,10.69,10.85,10.49,10.75,696518
101,2021-04-26,10.8,10.8,10.65,10.7,551848
102,2021-04-27,10.75,10.82,10.61,10.68,316132
103,2021-04-28,10.7,10.71,10.5,10.52,551503
104,2021-04-29,10.68,10.7,10.47,10.49,495623
105,2021-04-30,10.51,10.535,10.43,10.46,221928
106,2021-05-03,10.56,10.64,10.39,10.47,372510
107,2021-05-04,10.51,10.51,10.2,10.35,906110
108,2021-05-05,10.46,10.4676,10.18,10.27,708934
109,2021-05-06,10.25,10.27,10.08,10.14,1016254
110,2021-05-07,10.1,10.125,9.95,9.99,2091408
111,2021-05-10,10.05,10.06,9.86,9.9,1661325
112,2021-05-11,9.83,9.97,9.77,9.9,1267175
113,2021-05-12,9.92,10.05,9.86,9.92,908184
114,2021-05-13,10.0,10.0,9.82,9.91,811864
115,2021-05-14,9.97,10.0,9.9,9.94,489642
116,2021-05-17,9.85,10.02,9.8,10.0,961423
117,2021-05-18,10.02,10.08,9.9868,10.01,755453
118,2021-05-19,9.9,10.0,9.9,9.99,502994
119,2021-05-20,10.03,10.03,9.91,9.96,678780
120,2021-05-21,9.95,10.03,9.95,10.0,351177
121,2021-05-24,9.98,10.0,9.92,9.94,428128
122,2021-05-25,9.94,9.9898,9.89,9.9,1029748
123,2021-05-26,9.91,9.97,9.89,9.9,1494376
124,2021-05-27,9.91,9.91,9.89,9.91,605012
125,2021-05-28,9.92,10.08,9.91,9.98,729357
126,2021-06-01,10.1,10.195,10.01,10.04,662628
127,2021-06-02,10.11,10.1233,9.98,10.07,492988
128,2021-06-03,10.04,10.17,9.98,10.09,419697
129,2021-06-04,10.15,10.27,10.05,10.15,464602
130,2021-06-07,10.25,10.2898,10.06,10.07,592565
131,2021-06-08,10.21,10.6,10.13,10.47,1373291
132,2021-06-09,10.86,10.9,10.5,10.63,750369
133,2021-06-10,10.66,10.7199,10.45,10.52,518796
134,2021-06-11,10.55,10.6,10.45,10.47,424298
135,2021-06-14,10.55,10.5925,10.17,10.22,477840
136,2021-06-15,10.44,10.5225,10.12,10.35,746431
137,2021-06-16,10.35,10.5259,10.21,10.27,783202
138,2021-06-17,10.35,10.4101,10.23,10.34,528152
139,2021-06-18,10.36,10.42,10.24,10.4,463105
140,2021-06-21,10.45,10.55,10.39,10.41,392289
141,2021-06-22,10.48,10.5,10.3,10.35,366713
142,2021-06-23,10.35,10.39,10.29,10.31,324907
143,2021-06-24,10.32,10.34,10.26,10.29,378958
144,2021-06-25,10.38,10.645,10.27,10.51,1063758
145,2021-06-28,10.7,10.98,10.6201,10.95,949420
146,2021-06-29,11.01,11.09,10.81,10.9,758639
147,2021-06-30,11.08,11.45,10.85,10.89,1579863
148,2021-07-01,11.0,11.13,10.6,10.96,765504
149,2021-07-02,11.1,12.28,11.03,11.39,3944400
150,2021-07-06,11.69,11.87,10.89,10.92,1659788
151,2021-07-07,11.04,11.23,10.71,11.1,910810
152,2021-07-08,10.78,11.1431,10.59,11.13,1588513
153,2021-07-09,11.12,11.49,11.12,11.45,1010125
154,2021-07-12,11.67,11.69,11.33,11.6,1122717
155,2021-07-13,11.5282,11.57,10.97,10.97,988749
156,2021-07-14,11.1,11.1,10.48,10.62,1467760
157,2021-07-15,10.6,10.79,10.3,10.4,1147655
158,2021-07-16,10.47,10.89,10.3,10.8,940755
159,2021-07-19,10.3625,10.78,10.27,10.71,605299
160,2021-07-20,10.71,10.75,10.4216,10.6,319545
161,2021-07-21,10.68,10.75,10.5088,10.75,275685
162,2021-07-22,11.0,11.05,10.76,10.96,592615
163,2021-07-23,10.99,11.0499,10.62,10.77,525700
164,2021-07-26,10.82,10.844,10.52,10.56,477747
165,2021-07-27,10.53,10.57,10.35,10.46,467455
166,2021-07-28,10.5,10.672,10.17,10.28,672346
167,2021-07-29,10.41,10.53,10.12,10.31,987606
168,2021-07-30,10.37,10.37,10.12,10.17,993414
169,2021-08-02,10.23,10.25,10.0,10.02,903370
170,2021-08-03,10.05,10.06,9.96,10.0,790903
171,2021-08-04,10.0,10.13,10.0,10.11,430096
172,2021-08-05,10.12,10.3,10.1,10.22,592222
173,2021-08-06,10.3,10.47,10.06,10.12,688495
174,2021-08-09,10.22,10.4199,10.15,10.36,530622
175,2021-08-10,10.42,10.81,10.35,10.57,807726
176,2021-08-11,10.76,11.25,10.6,11.18,906104
177,2021-08-12,11.2,11.28,10.5,10.54,1062902
178,2021-08-13,10.65,10.79,10.355,10.62,722838
179,2021-08-16,10.69,10.69,10.15,10.21,809370
180,2021-08-17,10.16,10.175,9.9,10.03,1217105
181,2021-08-18,10.0,10.33,9.9699,10.1,484271
182,2021-08-19,10.08,10.1,9.91,10.01,602976
183,2021-08-20,10.0,10.65,9.9,10.47,1504900
184,2021-08-23,10.9508,11.07,10.65,11.07,1139219
185,2021-08-24,11.3,11.9,11.11,11.57,1278985
186,2021-08-25,11.5805,11.6,9.98,10.43,5599989
187,2021-08-26,11.0,11.04,9.96,9.96,3293796
188,2021-08-27,10.3141,10.5,9.5,10.35,2825007
189,2021-08-30,10.5,10.51,9.8,10.03,2264954
190,2021-08-31,10.0213,10.2,9.66,10.03,2193768
191,2021-09-01,10.18,10.2997,9.98,10.14,1942575
192,2021-09-02,10.2,12.27,10.0,11.63,4163167
193,2021-09-03,11.75,14.34,11.01,13.52,10006086
194,2021-09-07,15.02,16.46,14.07,14.5,15909102
195,2021-09-08,14.745,15.7,14.5102,15.09,6717263
196,2021-09-09,16.27,21.34,16.27,20.72,43147806
197,2021-09-10,20.28,20.87,17.81,18.69,13557431
198,2021-09-13,18.38,18.41,15.03,15.4,8788112
199,2021-09-14,15.89,16.97,15.13,15.78,5329524
200,2021-09-15,16.0353,16.05,14.62,15.39,4028470
201,2021-09-16,15.58,16.59,14.91,15.89,3616555
202,2021-09-17,16.15,16.15,15.28,15.41,3880128
203,2021-09-20,14.78,15.1,14.03,14.81,3338878
204,2021-09-21,14.86,15.09,14.29,14.47,2417832
205,2021-09-22,15.0,15.4,14.5,14.54,2151474
206,2021-09-23,14.54,14.7666,14.05,14.15,2109370
207,2021-09-24,14.18,14.25,13.46,14.05,1952433
208,2021-09-27,14.3,15.33,14.16,14.32,3192176
209,2021-09-28,14.25,15.63,14.25,15.56,3804628
210,2021-09-29,15.9727,16.39,14.59,14.66,3193721
211,2021-09-30,15.36,16.19,15.02,16.13,3539648
212,2021-10-01,15.9,16.43,14.9398,15.98,4469971
213,2021-10-04,15.97,16.04,14.36,14.79,3945755
214,2021-10-05,14.83,14.98,14.05,14.59,2761433
215,2021-10-06,14.4,14.68,13.8,14.0,4949225
216,2021-10-07,15.25,15.908,14.65,15.46,9600181
217,2021-10-08,14.0,16.0999,13.825,14.71,16596453
218,2021-10-11,14.6639,14.68,14.0,14.05,3243112
219,2021-10-12,14.11,14.24,13.48,13.5,4044289
220,2021-10-13,13.53,13.88,12.88,13.25,4602803
221,2021-10-14,13.4,13.7,13.031,13.57,2786717
222,2021-10-15,13.6739,13.75,12.705,12.8,5226078
223,2021-10-18,12.8,12.88,12.2,12.4,5214702
224,2021-10-19,12.6786,12.699,12.3,12.36,4421766
225,2021-10-20,12.4211,13.14,12.31,12.72,4869820
226,2021-10-21,12.73,13.08,12.48,12.66,3277132
227,2021-10-22,12.64,13.05,12.3001,13.0,2401410
228,2021-10-25,13.0035,13.13,12.77,12.99,1929249
229,2021-10-26,13.05,13.8164,12.95,13.22,2831936
230,2021-10-27,13.1858,13.22,12.73,12.84,1351879
231,2021-10-28,12.97,13.55,12.6649,13.37,2080847
232,2021-10-29,13.29,14.14,13.24,14.05,1991701
233,2021-11-01,14.4262,14.57,13.95,14.26,2048507
234,2021-11-02,14.45,14.49,14.02,14.25,1438268
235,2021-11-03,14.16,14.98,14.16,14.91,2744090
236,2021-11-04,15.2,16.24,14.91,15.74,4414024
237,2021-11-05,15.94,16.1428,15.4,15.51,2010669
238,2021-11-08,15.79,15.84,14.89,14.94,1760678
239,2021-11-09,14.87,15.0462,14.13,14.84,2805261
240,2021-11-10,14.6836,15.27,14.32,14.59,2462792
241,2021-11-11,14.2,14.59,13.91,14.23,1825782
242,2021-11-12,14.29,14.48,14.08,14.37,1993322
243,2021-11-15,14.48,14.7,14.06,14.29,2520073
244,2021-11-16,14.69,15.71,14.49,15.48,6544935
245,2021-11-17,15.7,16.75,15.4,16.28,7449333
246,2021-11-18,16.2,16.33,14.71,15.48,6573605
247,2021-11-19,15.28,16.2,15.26,15.5,3058539
248,2021-11-22,15.57,16.36,15.26,15.91,4427323
249,2021-11-23,15.81,15.8299,14.11,14.55,4565632
250,2021-11-24,14.28,15.58,14.2,15.51,2969983
251,2021-11-26,14.82,15.59,14.76,15.45,1946466
252,2021-11-29,15.51,15.79,15.12,15.46,3522837
253,2021-11-30,15.83,16.41,14.99,15.86,10249424
254,2021-12-01,15.91,16.97,15.16,15.19,7972387
255,2021-12-02,15.15,15.22,14.07,14.81,4761631
256,2021-12-03,15.0,15.11,12.74,13.0,8057642
257,2021-12-06,12.9743,13.11,12.0,12.28,5911541
258,2021-12-07,12.62,13.12,12.55,12.9,3265792
259,2021-12-08,13.02,13.2158,12.81,12.94,2973027
260,2021-12-09,12.99,13.15,12.42,12.53,3085384
261,2021-12-10,12.5,13.03,12.5,12.76,2680471
262,2021-12-13,12.71,13.01,11.68,11.76,4394257
263,2021-12-14,11.59,12.8,11.55,12.57,3153188
264,2021-12-15,12.55,12.8468,12.04,12.63,2266151
265,2021-12-16,12.79,13.1401,12.24,12.39,2764402
266,2021-12-17,12.24,12.75,11.48,12.18,12944560
267,2021-12-20,11.91,12.1799,11.62,11.89,2151625
268,2021-12-21,11.97,12.355,11.81,12.19,1445422
269,2021-12-22,12.16,12.4,12.031,12.36,1358952
270,2021-12-23,12.02,12.325,11.84,12.0,3167027
271,2021-12-27,12.14,12.225,11.71,11.9,2292704
272,2021-12-28,11.9,11.95,11.57,11.73,2497100
273,2021-12-29,11.73,11.7999,11.07,11.33,3205692
274,2021-12-30,11.3,12.1,11.3,12.03,2217848
275,2021-12-31,12.06,12.47,11.98,12.28,1534686
276,2022-01-03,12.305,12.33,11.9,12.2,1287205
277,2022-01-04,12.18,12.2869,11.5,11.65,2199528
278,2022-01-05,11.6161,11.65,10.63,10.7,3087368
279,2022-01-06,10.81,10.94,10.11,10.65,2914038
280,2022-01-07,10.6776,11.08,10.56,10.86,2108621
281,2022-01-10,10.78,10.84,10.06,10.46,2315129
282,2022-01-11,10.44,11.025,10.3,10.86,1692756
283,2022-01-12,11.62,11.735,11.2,11.45,3372751
284,2022-01-13,11.61,11.62,10.605,10.64,2534530
285,2022-01-14,10.5,10.68,10.05,10.42,2485011
286,2022-01-18,10.265,10.575,10.06,10.09,2472161
287,2022-01-19,10.21,10.32,9.69,9.85,2633408
288,2022-01-20,10.01,10.42,9.7,9.73,2008958
289,2022-01-21,9.585,9.7099,8.95,9.0,3210028
290,2022-01-24,8.47,8.83,8.0,8.72,5392558
291,2022-01-25,8.58,8.82,8.23,8.49,2515903
292,2022-01-26,8.74,9.058,8.35,8.48,2850931
293,2022-01-27,8.64,8.71,7.94,8.1,5495875
294,2022-01-28,8.08,8.325,7.55,8.24,4508167
295,2022-01-31,8.3663,9.16,8.3663,9.04,2799068
296,2022-02-01,9.55,9.684,9.08,9.49,2765339
297,2022-02-02,9.55,9.56,9.16,9.42,1824966
298,2022-02-03,9.1328,9.2992,8.95,9.03,1495962
299,2022-02-04,9.03,9.575,8.85,9.49,1426011
300,2022-02-07,9.5287,9.87,9.471,9.57,1682897
301,2022-02-08,9.52,10.055,9.38,10.01,1782263
302,2022-02-09,10.15,10.679,10.06,10.64,2471176
303,2022-02-10,10.21,11.11,10.2,10.28,2823873
304,2022-02-11,10.46,10.54,9.46,9.63,2432420
305,2022-02-14,9.59,9.85,9.27,9.48,1685796
306,2022-02-15,9.68,10.23,9.64,10.16,1682231
307,2022-02-16,10.1,10.11,9.76,9.94,1969454
308,2022-02-17,9.77,9.97,9.02,9.06,2320703
309,2022-02-18,9.08,9.285,8.72,8.94,2417900
310,2022-02-22,8.74,9.05,8.59,8.73,2709433
311,2022-02-23,9.07,9.3599,8.56,8.63,3021303
312,2022-02-24,8.32,9.91,8.2,9.89,4007937
313,2022-02-25,9.83,9.94,9.26,9.45,3599309
314,2022-02-28,9.53,9.64,9.06,9.54,5433278
315,2022-03-01,9.65,9.76,8.93,9.1,5479975
316,2022-03-02,9.0,9.31,8.85,9.05,3918942
317,2022-03-03,8.94,8.98,8.25,8.48,8379867
318,2022-03-04,8.48,8.59,8.24,8.4,3406215
319,2022-03-07,8.52,8.83,8.3,8.37,7589609
320,2022-03-08,8.41,8.801,8.305,8.51,6612208
321,2022-03-09,8.68,9.05,8.5112,8.83,6396414
322,2022-03-10,8.6,8.97,8.5112,8.74,4210324
323,2022-03-11,8.9,8.99,8.37,8.39,4539585
324,2022-03-14,8.35,8.68,8.265,8.53,7406253
325,2022-03-15,8.51,8.73,7.72,7.92,8386359
326,2022-03-16,7.89,8.68,7.82,8.6,11239996
327,2022-03-17,8.53,8.805,8.47,8.65,14658338
328,2022-03-18,8.73,9.49,8.571,9.07,21492149
329,2022-03-21,9.01,9.22,8.77,8.83,8038953
330,2022-03-22,8.77,9.39,8.77,9.0,7025588
331,2022-03-23,8.96,9.09,8.72,8.76,3580095
332,2022-03-24,8.76,8.895,8.515,8.64,2505865
333,2022-03-25,8.6,8.6,7.835,7.96,6280070
334,2022-03-28,8.075,8.085,7.51,7.64,5616031
335,2022-03-29,7.73,8.39,7.67,8.29,4002429
336,2022-03-30,8.24,8.475,7.965,8.1,3286956
337,2022-03-31,8.12,8.35,7.99,8.05,2731049
338,2022-04-01,8.05,8.11,7.76,7.92,2601297
339,2022-04-04,8.02,8.395,7.95,8.3,3841363
340,2022-04-05,8.33,8.35,8.08,8.2,3379271
341,2022-04-06,8.14,8.2664,7.98,8.06,4171608
342,2022-04-07,8.02,8.09,7.74,7.93,4507986
343,2022-04-08,7.87,8.01,7.6713,7.8,2954801
344,2022-04-11,7.79,7.95,7.65,7.83,2441580
345,2022-04-12,7.96,8.34,7.96,8.2,3420752
346,2022-04-13,8.22,8.42,8.04,8.38,2916623
347,2022-04-14,8.35,8.48,8.25,8.42,2262582
348,2022-04-18,8.38,8.38,7.93,7.98,2206916
349,2022-04-19,8.02,8.465,7.95,8.44,2797739
350,2022-04-20,8.47,8.535,8.204,8.46,3314292
351,2022-04-21,8.58,8.74,7.825,7.87,4182608
352,2022-04-22,7.95,8.09,7.57,7.71,3065196
353,2022-04-25,7.62,7.885,7.47,7.83,3307010
354,2022-04-26,7.76,7.79,7.23,7.24,2727071
355,2022-04-27,7.272,7.45,7.15,7.32,2522072
356,2022-04-28,7.41,7.53,6.98,7.51,3466734
357,2022-04-29,7.48,7.82,7.34,7.38,2410088
358,2022-05-02,7.39,7.485,7.08,7.46,2591270
359,2022-05-03,7.5,7.6,7.02,7.11,3598897
360,2022-05-04,7.12,7.13,6.585,7.06,4388937
361,2022-05-05,6.98,7.1,6.61,6.78,2694796
362,2022-05-06,6.72,6.72,6.26,6.52,3086954
363,2022-05-09,6.25,6.3905,5.61,5.67,4957492
364,2022-05-10,5.84,5.96,5.38,5.51,4038426
365,2022-05-11,5.49,5.635,5.105,5.17,4750971
366,2022-05-12,5.02,5.39,4.9373,5.19,5433595
367,2022-05-13,5.35,5.99,5.31,5.86,6332525
368,2022-05-16,5.812,5.9,5.39,5.41,5343773
369,2022-05-17,5.51,5.79,5.33,5.66,4119798
370,2022-05-18,5.32,5.34,4.63,4.7,12769853
371,2022-05-19,4.68,4.88,4.5499,4.75,6447245
372,2022-05-20,4.85,4.9,4.5,4.73,5182488
373,2022-05-23,4.75,4.785,4.5,4.58,5860554
374,2022-05-24,4.52,4.56,4.33,4.37,4122538
375,2022-05-25,4.37,4.64,4.2716,4.58,5137668
376,2022-05-26,4.62,4.83,4.59,4.66,3403733
377,2022-05-27,4.74,5.1588,4.73,5.0,4981580
378,2022-05-31,5.09,5.15,4.69,4.76,5785208
379,2022-06-01,4.73,4.83,4.59,4.71,4402643
380,2022-06-02,4.75,5.14,4.75,4.92,5958136
381,2022-06-03,4.86,4.96,4.76,4.9,5059033
382,2022-06-06,5.11,5.14,4.85,4.98,5424261
383,2022-06-07,4.86,4.935,4.65,4.84,4945379
384,2022-06-08,4.81,4.9,4.66,4.85,4459754
385,2022-06-09,4.83,4.83,4.43,4.44,5430089
386,2022-06-10,4.33,4.43,4.19,4.22,5419094
387,2022-06-13,4.05,4.17,3.93,4.09,6252016
388,2022-06-14,4.13,4.16,3.93,4.0,4188365
389,2022-06-15,4.1,4.385,4.02,4.33,4989652
390,2022-06-16,4.23,4.255,4.07,4.14,5210439
391,2022-06-17,4.21,4.32,4.09,4.18,11889824
392,2022-06-21,4.39,4.42,4.14,4.15,4988942
393,2022-06-22,4.12,4.29,4.07,4.09,4079825
394,2022-06-23,4.14,4.205,3.98,4.07,4934123
395,2022-06-24,4.14,4.29,4.08,4.1,29129031
396,2022-06-27,4.17,4.31,4.03,4.09,4202215
397,2022-06-28,4.19,4.2198,3.96,3.96,4358682
398,2022-06-29,3.96,4.0,3.66,3.72,5416557
399,2022-06-30,3.7,3.84,3.53,3.79,4976706
400,2022-07-01,3.79,3.9,3.7,3.8,2876785
401,2022-07-05,3.82,3.97,3.585,3.97,4284301
402,2022-07-06,3.96,3.99,3.8,3.95,3155196
403,2022-07-07,4.06,4.1701,3.94,4.16,3115453
404,2022-07-08,4.13,4.3,4.055,4.25,3123485
405,2022-07-11,4.21,4.24,3.95,3.97,2395421
406,2022-07-12,3.97,4.0587,3.93,3.99,1951746
407,2022-07-13,3.93,4.0689,3.85,4.01,1865885
408,2022-07-14,3.99,4.05,3.86,3.91,2107077
409,2022-07-15,4.0,4.0,3.76,3.95,2176301
410,2022-07-18,4.01,4.205,3.96,4.06,2275972
411,2022-07-19,4.11,4.17,4.01,4.09,2893400
412,2022-07-20,4.1,4.42,4.095,4.37,3165106
413,2022-07-21,4.37,4.51,4.21,4.36,1936975
414,2022-07-22,4.4,4.4314,4.03,4.05,1859106
415,2022-07-25,4.07,4.14,3.97,4.13,1729760
416,2022-07-26,4.09,4.13,4.0,4.1,2315756
417,2022-07-27,4.17,4.29,4.11,4.28,2062027
418,2022-07-28,4.4,4.55,4.21,4.55,2935584
419,2022-07-29,4.56,4.68,4.4,4.67,2742301
420,2022-08-01,4.66,4.78,4.49,4.73,2751914
421,2022-08-02,4.69,4.85,4.67,4.72,2414944
422,2022-08-03,4.84,5.17,4.74,5.15,3714879
423,2022-08-04,5.23,5.595,5.085,5.45,5339930
424,2022-08-05,5.32,5.43,5.145,5.34,2925617
425,2022-08-08,5.5,5.75,5.3809,5.45,3594267
426,2022-08-09,5.43,5.535,5.22,5.44,3608860
427,2022-08-10,5.76,5.925,5.6,5.79,5215376
428,2022-08-11,6.18,6.23,5.84,5.86,5927834
429,2022-08-12,6.0,7.15,5.61,7.1,8655925
430,2022-08-15,7.18,7.29,6.58,6.61,7151973
431,2022-08-16,6.58,6.755,6.29,6.61,5626227
432,2022-08-17,6.47,6.47,5.94,6.02,5060064
433,2022-08-18,6.11,6.115,5.71,6.0,5040273
434,2022-08-19,5.75,5.81,5.58,5.74,3295747
435,2022-08-22,5.5,5.69,5.39,5.49,4783384
436,2022-08-23,5.51,5.535,5.31,5.35,4953100
437,2022-08-24,5.25,5.37,5.14,5.35,5845868
438,2022-08-25,5.36,5.565,5.32,5.51,3638403
439,2022-08-26,5.53,5.54,5.2,5.3,2691260
440,2022-08-29,5.18,5.23,5.04,5.13,2977469
441,2022-08-30,5.21,5.21,4.95,5.13,3414308
442,2022-08-31,5.43,5.91,5.38,5.5,6814072
443,2022-09-01,5.5,5.58,5.12,5.27,4504721
444,2022-09-02,5.4,5.46,5.16,5.32,4269943
445,2022-09-06,5.39,5.4,5.23,5.26,2864543
446,2022-09-07,5.26,5.68,5.2243,5.59,4454309
447,2022-09-08,5.49,5.58,5.34,5.56,2956394
448,2022-09-09,5.61,5.785,5.56,5.59,3575830
449,2022-09-12,5.65,5.72,5.57,5.72,2998446
450,2022-09-13,5.48,5.69,5.38,5.64,3928923
451,2022-09-14,5.68,5.71,5.38,5.71,2784276
452,2022-09-15,5.65,5.93,5.04,5.1,11927878
453,2022-09-16,5.0,5.12,4.9007,5.05,8818903
454,2022-09-19,4.97,5.125,4.908,5.08,3573696
455,2022-09-20,5.08,5.1267,4.99,5.05,2816271
456,2022-09-21,5.13,5.18,4.9,4.92,4143440
457,2022-09-22,4.92,4.9499,4.3,4.31,10496515
458,2022-09-23,4.2,4.21,3.97,4.12,6160872
459,2022-09-26,4.1,4.33,4.08,4.23,4953318
460,2022-09-27,4.39,4.4,4.16,4.19,4715730
461,2022-09-28,4.23,4.4299,4.15,4.38,3364903
462,2022-09-29,4.29,4.32,4.09,4.16,3739177
463,2022-09-30,4.16,4.2673,4.07,4.07,2975267
464,2022-10-03,4.14,4.37,4.01,4.31,4025161
465,2022-10-04,4.44,4.63,4.44,4.62,3203878
466,2022-10-05,4.53,4.66,4.49,4.61,2709866
467,2022-10-06,4.57,4.78,4.57,4.62,2181964
468,2022-10-07,4.51,4.56,4.33,4.36,2434315
469,2022-10-10,4.36,4.4,4.17,4.3,2136523
470,2022-10-11,4.28,4.33,4.16,4.19,3005286
471,2022-10-12,4.14,4.15,3.77,4.0,5588046
472,2022-10-13,3.85,4.175,3.81,4.11,2763641
473,2022-10-14,4.2,4.23,3.92,3.95,2690271
474,2022-10-17,4.01,4.29,4.01,4.22,2297573
475,2022-10-18,4.43,4.49,4.25,4.35,3411994
476,2022-10-19,4.26,4.36,4.16,4.19,2119034
477,2022-10-20,4.19,4.38,4.18,4.21,2141822
478,2022-10-21,4.21,4.265,4.065,4.24,1743901
479,2022-10-24,4.3,4.3,4.0801,4.25,1892216
480,2022-10-25,4.28,4.7382,4.25,4.63,3068163
481,2022-10-26,4.58,4.97,4.5201,4.69,3034851
482,2022-10-27,4.72,4.86,4.72,4.79,2304502
483,2022-10-28,4.79,5.23,4.745,5.13,3057288
484,2022-10-31,5.12,5.175,4.84,5.09,2280228
485,2022-11-01,5.25,5.365,5.13,5.2,2114636
486,2022-11-02,5.29,5.29,4.8817,4.89,2684994
487,2022-11-03,4.83,5.275,4.81,4.94,3168160
488,2022-11-04,5.16,5.209,4.95,5.18,2586034
489,2022-11-07,5.25,5.26,4.982,5.09,2485240
490,2022-11-08,5.13,5.22,4.99,5.11,2018973
491,2022-11-09,5.07,5.08,4.73,4.74,4027218
492,2022-11-10,5.16,5.71,5.16,5.31,5296559
493,2022-11-11,5.31,5.7599,5.22,5.63,4028330
494,2022-11-14,5.56,5.58,5.15,5.16,3348969
495,2022-11-15,5.36,5.43,5.115,5.22,4809176
496,2022-11-16,5.05,5.08,4.65,4.685,5543970
497,2022-11-17,4.65,4.66,4.358,4.52,3553400
498,2022-11-18,4.7,4.71,4.425,4.6,2205709
499,2022-11-21,4.61,4.65,4.29,4.32,3719993
500,2022-11-22,4.32,4.41,4.2,4.36,2867496
501,2022-11-23,4.36,4.445,4.32,4.4,3245839
502,2022-11-25,4.5,4.5525,4.14,4.18,3209948
503,2022-11-28,4.17,4.2885,4.0,4.01,3845317
504,2022-11-29,4.04,4.11,3.94,3.96,4053871
505,2022-11-30,3.99,4.2,3.88,4.19,4943654
506,2022-12-01,4.28,4.28,4.07,4.22,3203493
507,2022-12-02,4.16,4.2901,4.07,4.25,2498652
508,2022-12-05,4.26,4.34,4.1,4.15,3028721
509,2022-12-06,4.17,4.1879,3.93,4.0,3437538
510,2022-12-07,4.005,4.04,3.87,3.94,3145312
511,2022-12-08,3.95,4.22,3.92,3.98,2720731
512,2022-12-09,3.99,4.14,3.94,4.0,1816183
513,2022-12-12,4.03,4.21,4.005,4.15,2277794
514,2022-12-13,4.35,4.5,4.0714,4.17,3899549
515,2022-12-14,4.15,4.23,4.06,4.12,3473453
516,2022-12-15,4.05,4.12,4.0,4.03,2861529
517,2022-12-16,4.045,4.13,3.95,4.07,6088739
518,2022-12-19,4.08,4.08,3.79,3.9,4313468
519,2022-12-20,3.85,3.965,3.67,3.72,5952551
520,2022-12-21,3.775,3.89,3.66,3.74,3780582
521,2022-12-22,3.72,3.74,3.61,3.73,2611856
522,2022-12-23,3.74,3.78,3.64,3.77,1903793
523,2022-12-27,3.76,3.77,3.555,3.56,3028071
524,2022-12-28,3.55,3.69,3.48,3.58,3218122
525,2022-12-29,3.61,3.8,3.535,3.69,3993137
526,2022-12-30,3.62,3.805,3.59,3.77,2692128
527,2023-01-03,3.85,4.05,3.775,3.87,3877170
528,2023-01-04,3.9,4.05,3.865,4.04,2126809
529,2023-01-05,3.97,4.26,3.905,4.17,2669945
530,2023-01-06,4.2,4.25,4.05,4.23,3133154
531,2023-01-09,4.25,4.36,4.205,4.22,2333309
532,2023-01-10,4.19,4.38,4.09,4.38,1998697
533,2023-01-11,4.4,4.525,4.335,4.51,2464110
534,2023-01-12,4.52,4.83,4.48,4.83,3219015
535,2023-01-13,4.73,5.11,4.72,4.97,6578391
536,2023-01-17,5.05,5.5199,4.98,5.48,5193956
537,2023-01-18,5.545,5.68,5.085,5.17,6095115
538,2023-01-19,5.04,5.12,4.69,4.79,4902575
539,2023-01-20,4.92,4.95,4.68,4.78,4876297
540,2023-01-23,4.82,4.84,4.61,4.82,4296082
541,2023-01-24,4.81,5.0206,4.73,4.97,3699918
542,2023-01-25,4.97,5.0,4.72,4.91,4641852
543,2023-01-26,5.0,5.045,4.7888,4.88,3034484
544,2023-01-27,4.86,5.04,4.81,4.94,3663653
545,2023-01-30,4.87,4.965,4.7804,4.88,2232380
546,2023-01-31,4.89,4.985,4.83,4.97,2053935
547,2023-02-01,4.9,5.17,4.89,4.98,6022427
548,2023-02-02,5.08,5.295,5.01,5.24,7139921
549,2023-02-03,5.12,5.47,5.06,5.31,6147343
550,2023-02-06,5.22,5.28,4.9,4.92,4660207
551,2023-02-07,4.92,4.95,4.7028,4.9,4685428
552,2023-02-08,4.85,4.92,4.75,4.79,2148013
553,2023-02-09,4.85,4.98,4.53,4.55,3479767
554,2023-02-10,4.53,4.79,4.485,4.77,4209162
555,2023-02-13,4.84,4.84,4.635,4.71,2050153
556,2023-02-14,4.7,4.99,4.6,4.96,3523489
557,2023-02-15,4.92,5.23,4.9,5.16,4621192
558,2023-02-16,5.02,5.16,4.96,4.97,2740534
559,2023-02-17,4.94,4.95,4.74,4.91,3420353
560,2023-02-21,4.82,4.89,4.532,4.58,3117430
561,2023-02-22,4.6,4.73,4.54,4.62,4199478
562,2023-02-23,4.69,4.77,4.5201,4.55,3013526
563,2023-02-24,4.5,4.5,4.38,4.45,2598483
564,2023-02-27,4.525,4.67,4.47,4.59,3518763
565,2023-02-28,4.55,4.64,4.48,4.5,4606099
566,2023-03-01,4.45,4.515,4.1715,4.4,6103326
567,2023-03-02,4.35,4.355,4.18,4.24,4341914
568,2023-03-03,4.24,4.58,4.22,4.57,4576183
569,2023-03-06,4.58,4.6,4.39,4.43,3422303
570,2023-03-07,4.43,4.49,4.34,4.4,2061857
571,2023-03-08,4.39,4.395,4.26,4.29,2063151
572,2023-03-09,4.26,4.35,4.07,4.08,2924127
573,2023-03-10,4.05,4.07,3.78,3.91,6357609
574,2023-03-13,3.79,4.005,3.7,3.94,4392785
575,2023-03-14,4.055,4.0622,3.84,3.89,3162805
576,2023-03-15,3.835,3.94,3.77,3.92,3826893
577,2023-03-16,3.86,4.0,3.77,3.96,2420834
578,2023-03-17,3.97,4.02,3.8401,3.88,3314340
579,2023-03-20,3.9,3.95,3.8,3.85,3171467
580,2023-03-21,3.92,3.98,3.8144,3.95,2856099
581,2023-03-22,3.92,3.99,3.85,3.85,2785725
582,2023-03-23,3.87,3.99,3.81,3.85,2563213
583,2023-03-24,3.86,3.94,3.69,3.93,4178187
584,2023-03-27,4.0,4.16,3.925,3.93,2904925
585,2023-03-28,3.92,3.98,3.85,3.89,1673084
586,2023-03-29,3.95,3.98,3.86,3.96,2634032
587,2023-03-30,3.99,4.06,3.88,3.95,2426293
588,2023-03-31,3.95,4.165,3.915,4.04,3511211
589,2023-04-03,4.05,4.1,3.96,4.04,1868846
590,2023-04-04,4.075,4.075,3.83,3.87,3308286
591,2023-04-05,3.87,3.88,3.65,3.67,4079666
592,2023-04-06,3.69,3.77,3.62,3.77,3058357
593,2023-04-10,3.73,4.01,3.72,4.0,4070698
594,2023-04-11,4.05,4.11,3.99,4.07,2798680
595,2023-04-12,4.13,4.15,3.94,3.96,2632105
596,2023-04-13,4.03,4.15,3.99,4.11,2111447
597,2023-04-14,4.09,4.1,3.935,4.02,2221941
598,2023-04-17,4.01,4.21,3.98,4.14,2415017
599,2023-04-18,4.17,4.17,4.03,4.08,2292371
600,2023-04-19,4.03,4.06,3.96,4.0,2416833
601,2023-04-20,3.985,4.0299,3.88,3.95,3870043
602,2023-04-21,3.95,4.0107,3.93,4.0,2115637
603,2023-04-24,4.01,4.07,3.88,3.92,2158185
604,2023-04-25,3.88,3.9,3.7623,3.81,2263507
605,2023-04-26,3.82,3.88,3.74,3.77,2392837
606,2023-04-27,3.82,3.9,3.78,3.9,1889880
607,2023-04-28,3.87,3.945,3.84,3.92,1862033
608,2023-05-01,3.92,3.985,3.84,3.88,1657071
609,2023-05-02,3.86,3.86,3.755,3.77,2227550
610,2023-05-03,3.81,4.01,3.77,3.91,3924203
611,2023-05-04,3.9,3.93,3.83,3.88,2563427
612,2023-05-05,3.8,3.91,3.78,3.85,3309171
613,2023-05-08,3.92,3.94,3.83,3.85,4072048
614,2023-05-09,3.83,4.02,3.76,3.94,4784474
615,2023-05-10,4.05,4.2,3.85,4.12,6138672
616,2023-05-11,4.12,4.39,4.04,4.1,4852946
617,2023-05-12,4.14,4.26,4.05,4.12,3631487
618,2023-05-15,4.2,4.38,4.07,4.34,4372551
619,2023-05-16,4.22,4.36,4.22,4.28,3355852
620,2023-05-17,4.33,4.61,4.26,4.5,5290131
621,2023-05-18,4.51,4.68,4.45,4.65,4189540
622,2023-05-19,4.7,4.7,4.55,4.67,3961728
623,2023-05-22,4.7,5.015,4.69,4.95,4460160
624,2023-05-23,4.8,4.897,4.45,4.52,7344705
625,2023-05-24,4.55,4.65,4.36,4.63,4342287
626,2023-05-25,4.65,4.7,4.455,4.59,3260768
627,2023-05-26,4.59,4.6,4.38,4.45,3207745
628,2023-05-30,4.51,4.6599,4.5,4.59,2618613
629,2023-05-31,4.56,4.61,4.47,4.58,4964565
630,2023-06-01,4.62,4.78,4.525,4.74,3076837
631,2023-06-02,4.8,4.925,4.7615,4.9,2962800
632,2023-06-05,4.85,4.95,4.79,4.9,3029188
633,2023-06-06,4.9,5.19,4.895,5.18,3947680
634,2023-06-07,5.24,5.41,5.12,5.13,4077765
635,2023-06-08,5.14,5.28,5.04,5.28,2837316
636,2023-06-09,5.3,5.37,5.17,5.22,3178722
637,2023-06-12,5.24,5.36,5.1022,5.32,3247821
638,2023-06-13,5.34,6.1,5.335,5.94,8253938
639,2023-06-14,5.96,6.04,5.585,5.69,5355773
640,2023-06-15,5.64,5.79,5.48,5.68,3923362
641,2023-06-16,5.8,5.825,5.48,5.6,10221101
642,2023-06-20,5.65,5.94,5.61,5.81,4317612
643,2023-06-21,5.75,5.945,5.65,5.9,3377971
644,2023-06-22,5.86,5.87,5.57,5.79,2934620
645,2023-06-23,5.72,5.7361,5.52,5.54,12060805
646,2023-06-26,5.63,5.665,5.36,5.37,3081287
647,2023-06-27,5.38,5.525,5.31,5.5,2327561
648,2023-06-28,5.56,6.005,5.51,5.87,4342895
649,2023-06-29,5.88,6.06,5.795,5.98,3801777
650,2023-06-30,6.06,6.14,5.95,6.0,5658415
651,2023-07-03,6.03,6.065,5.94,5.98,2923926
652,2023-07-05,5.98,6.02,5.825,5.86,3347338
653,2023-07-06,5.76,5.77,5.53,5.6,2777556
654,2023-07-07,5.62,5.8,5.62,5.73,2238906
655,2023-07-10,5.7,5.98,5.68,5.97,3618474
656,2023-07-11,6.01,6.25,5.85,6.18,7450701
657,2023-07-12,6.35,6.42,5.9,6.07,5752274
658,2023-07-13,6.12,6.82,6.12,6.64,8664464
659,2023-07-14,6.73,6.84,6.285,6.32,5086681
660,2023-07-17,6.33,6.935,6.2015,6.89,4946655
661,2023-07-18,7.06,7.8699,7.0,7.83,13228904
662,2023-07-19,7.88,8.05,7.61,7.93,10581633
663,2023-07-20,7.86,8.03,7.56,7.81,6236487
664,2023-07-21,7.87,7.89,7.36,7.5,6228699
665,2023-07-24,7.47,7.5,7.27,7.39,4197320
666,2023-07-25,7.52,7.7899,7.52,7.62,5847527
667,2023-07-26,7.5,7.53,6.98,7.14,7082607
668,2023-07-27,7.29,7.29,6.71,6.73,6190749
669,2023-07-28,6.85,7.13,6.85,7.1,4373152
670,2023-07-31,7.11,7.395,7.09,7.37,4816467
671,2023-08-01,7.26,7.345,7.15,7.26,2301257
672,2023-08-02,7.08,7.0995,6.805,6.98,3715805
673,2023-08-03,6.89,7.14,6.8,7.03,2917708
674,2023-08-04,7.05,7.14,6.8004,6.83,3034410
675,2023-08-07,6.87,6.88,6.4,6.59,4534057
676,2023-08-08,6.424,6.74,6.27,6.66,4704179
677,2023-08-09,7.36,7.49,6.15,6.45,7997675
678,2023-08-10,6.51,6.6981,6.135,6.23,4650576
679,2023-08-11,6.15,6.385,6.12,6.32,2313176
680,2023-08-14,6.24,6.37,6.08,6.31,2358912
681,2023-08-15,6.26,6.28,6.07,6.09,2739196
682,2023-08-16,6.03,6.105,5.87,5.88,3133090
683,2023-08-17,5.9,5.95,5.55,5.56,4678236
684,2023-08-18,5.43,5.9299,5.36,5.86,4287672
685,2023-08-21,5.94,5.98,5.82,5.88,2618672
686,2023-08-22,5.93,6.0,5.655,5.83,2379728
687,2023-08-23,5.83,6.01,5.83,5.93,2294773
688,2023-08-24,6.03,6.0794,5.6,5.65,2961239
689,2023-08-25,5.7,5.875,5.63,5.79,2697234
690,2023-08-28,5.88,6.0299,5.831,5.93,2290727
691,2023-08-29,5.87,6.27,5.84,6.17,2886656
692,2023-08-30,6.16,6.45,6.1199,6.38,2888646
693,2023-08-31,6.37,6.49,6.22,6.31,3242224
694,2023-09-01,6.38,6.48,6.27,6.34,2326432
695,2023-09-05,6.31,6.595,6.29,6.53,2943792
696,2023-09-06,6.51,6.58,6.3,6.41,2040159
697,2023-09-07,6.29,6.36,6.06,6.32,2504603
698,2023-09-08,6.3,6.335,6.14,6.2,2350360
699,2023-09-11,6.26,6.35,6.03,6.04,3519954
700,2023-09-12,5.81,5.83,5.2724,5.305,12847445
701,2023-09-13,5.465,5.48,5.23,5.365,5675191
702,2023-09-14,5.36,5.43,5.21,5.26,4963557
703,2023-09-15,5.25,5.285,5.06,5.12,13269019
704,2023-09-18,5.1,5.22,5.02,5.04,3402651
705,2023-09-19,4.26,4.7571,4.17,4.66,17140808
706,2023-09-20,4.62,4.64,4.39,4.42,6338896
707,2023-09-21,4.34,4.57,4.25,4.48,5165065
708,2023-09-22,4.54,4.67,4.455,4.48,3695933
709,2023-09-25,4.47,4.5,4.31,4.35,4554185
710,2023-09-26,4.34,4.435,4.22,4.24,3480290
711,2023-09-27,4.2,4.33,4.19,4.3,4091295
712,2023-09-28,4.31,4.42,4.24,4.34,3361744
713,2023-09-29,4.4,4.57,4.32,4.38,3058283
714,2023-10-02,4.4,4.42,4.29,4.39,2906979
715,2023-10-03,4.35,4.37,4.13,4.17,3802053
716,2023-10-04,4.23,4.34,4.14,4.31,2565520
717,2023-10-05,4.32,4.475,4.26,4.45,2639290
718,2023-10-06,4.39,4.53,4.351,4.5,3451096
719,2023-10-09,4.41,4.65,4.41,4.62,3348766
720,2023-10-10,4.66,5.02,4.652,4.86,4345349
721,2023-10-11,4.95,5.07,4.76,4.83,3619975
722,2023-10-12,4.87,4.88,4.355,4.42,4566748
723,2023-10-13,4.46,4.48,4.23,4.29,3803410
724,2023-10-16,4.28,4.5,4.24,4.46,3162760
725,2023-10-17,4.36,4.53,4.32,4.48,2835592
726,2023-10-18,4.38,4.43,4.2,4.25,2860805
727,2023-10-19,4.29,4.345,4.19,4.21,2846709
728,2023-10-20,4.2,4.215,4.06,4.09,3146766
729,2023-10-23,4.08,4.2298,4.0,4.11,3143872
730,2023-10-24,4.19,4.28,4.105,4.14,1977056
731,2023-10-25,4.09,4.19,4.06,4.09,2225886
732,2023-10-26,4.21,4.3479,4.19,4.28,3093817
733,2023-10-27,4.31,4.3661,4.14,4.16,2275651
734,2023-10-30,4.2,4.28,4.11,4.2,2317841
735,2023-10-31,4.19,4.25,4.115,4.23,1947902
736,2023-11-01,4.21,4.26,4.12,4.24,1998630
737,2023-11-02,4.33,4.64,4.33,4.59,3824968
738,2023-11-03,4.71,4.81,4.59,4.61,3381041
739,2023-11-06,4.63,4.65,4.33,4.35,2412308
740,2023-11-07,4.33,4.51,4.27,4.5,2078649
741,2023-11-08,4.52,4.52,4.35,4.36,2413468
742,2023-11-09,4.54,4.55,4.21,4.28,4978385
743,2023-11-10,4.32,4.4,4.21,4.37,2553665
744,2023-11-13,4.38,4.39,4.26,4.33,2034504
745,2023-11-14,4.5,4.64,4.2,4.32,24910167
746,2023-11-15,4.38,4.65,4.31,4.4,8002336
747,2023-11-16,4.37,4.4,4.14,4.22,4810439
748,2023-11-17,4.26,4.305,4.15,4.21,3915995
749,2023-11-20,4.29,4.39,4.26,4.31,4659262
750,2023-11-21,4.32,4.32,4.17,4.21,2836287
751,2023-11-22,4.22,4.31,4.19,4.26,2594577
752,2023-11-24,4.28,4.41,4.2,4.38,1984894
753,2023-11-27,4.37,4.41,4.25,4.27,2789111
754,2023-11-28,4.3,4.41,4.16,4.4,3847769
755,2023-11-29,4.5,4.64,4.35,4.39,4889973
756,2023-11-30,4.41,4.505,4.34,4.38,3073684
757,2023-12-01,4.4,4.555,4.36,4.46,4429178
758,2023-12-04,4.46,4.59,4.45,4.58,2843472
759,2023-12-05,4.54,4.6,4.42,4.45,3022059
760,2023-12-06,4.48,4.61,4.45,4.46,2256565
761,2023-12-07,4.51,4.71,4.465,4.7,3745456
762,2023-12-08,4.76,4.9313,4.72,4.8,3203115
763,2023-12-11,4.79,4.84,4.6015,4.66,3222138
764,2023-12-12,4.63,4.67,4.48,4.6,3180439
765,2023-12-13,4.6,4.93,4.53,4.93,4221488
766,2023-12-14,5.15,5.4786,5.03,5.17,6583197
767,2023-12-15,4.99,5.07,4.6,4.61,15336496
768,2023-12-18,4.68,4.69,4.44,4.49,6468214
769,2023-12-19,4.54,4.69,4.5287,4.69,5075985
770,2023-12-20,4.68,4.75,4.39,4.41,5020804
771,2023-12-21,4.49,4.54,4.34,4.43,8652409
772,2023-12-22,5.09,5.76,4.94,5.44,51904987
773,2023-12-26,5.635,5.83,5.3818,5.64,18716502
774,2023-12-27,5.65,5.81,5.555,5.74,8655127
775,2023-12-28,5.71,6.1399,5.65,5.79,11186675
776,2023-12-29,5.78,5.78,5.44,5.53,9211956
777,2024-01-02,5.45,5.57,5.27,5.31,6728259
778,2024-01-03,5.17,5.21,5.05,5.1,6560048
779,2024-01-04,5.12,5.5501,5.1,5.47,7896187
780,2024-01-05,5.45,5.615,5.36,5.4,5860546
781,2024-01-08,5.42,5.65,5.32,5.55,6530831
782,2024-01-09,5.66,5.67,5.4,5.45,6822537
783,2024-01-10,5.45,5.4783,5.27,5.34,5999249
784,2024-01-11,5.3,5.32,5.06,5.16,6273160
785,2024-01-12,5.19,5.35,5.11,5.17,4361582
786,2024-01-16,5.11,5.16,4.88,4.94,6317870
787,2024-01-17,4.9,5.015,4.8555,4.92,4845566
788,2024-01-18,5.0,5.05,4.77,4.85,4912931
789,2024-01-19,4.9,4.9,4.69,4.86,4340320
790,2024-01-22,4.9,5.07,4.85,5.05,5269768
791,2024-01-23,5.1,5.22,5.035,5.08,3484596
792,2024-01-24,5.17,5.245,4.97,5.03,3415962
793,2024-01-25,5.11,5.11,4.83,4.92,4034878
794,2024-01-26,4.94,5.02,4.85,4.88,2506188
795,2024-01-29,4.88,5.14,4.88,5.14,3040108
796,2024-01-30,5.08,5.11,4.92,4.98,3265772
797,2024-01-31,4.975,5.16,4.85,4.85,5797092
798,2024-02-01,4.19,4.29,3.89,4.02,61536960
799,2024-02-02,4.01,4.02,3.92,3.975,47872620
800,2024-02-05,3.98,4.11,3.95,4.07,11193080
801,2024-02-06,4.04,4.26,4.03,4.26,10817050
802,2024-02-07,4.29,4.47,4.19,4.27,8081276
803,2024-02-08,4.28,4.3594,4.23,4.3,6020072
804,2024-02-09,4.39,4.42,4.24,4.34,6984726
805,2024-02-12,4.435,4.79,4.435,4.72,15404890
806,2024-02-13,4.58,4.65,4.38,4.44,8760413
807,2024-02-14,4.57,4.82,4.39,4.8,10111762
808,2024-02-15,4.875,5.035,4.8,4.89,8775648
809,2024-02-16,4.9,5.08,4.84,4.89,7296774
810,2024-02-20,4.92,5.1,4.79,4.83,7477612
811,2024-02-21,4.79,4.805,4.62,4.64,5457639
812,2024-02-22,4.71,4.75,4.43,4.44,8943699
813,2024-02-23,4.46,4.53,4.36,4.38,6560090
814,2024-02-26,4.39,4.6,4.35,4.57,7252731
815,2024-02-27,4.6,4.795,4.57,4.71,11001934
816,2024-02-28,4.42,4.77,4.11,4.59,11858753
817,2024-02-29,4.69,4.81,4.49,4.585,11037498
818,2024-03-01,4.63,4.67,4.5,4.54,5118678
819,2024-03-04,4.62,4.7,4.39,4.43,6287062
820,2024-03-05,4.39,4.39,4.17,4.24,8795502
821,2024-03-06,4.3,4.47,4.26,4.3,5275289
822,2024-03-07,4.34,4.44,4.29,4.43,4794905
823,2024-03-08,4.47,4.53,4.34,4.42,4892045
824,2024-03-11,4.44,4.725,4.44,4.48,7305379
825,2024-03-12,4.34,4.375,4.23,4.34,8475587
826,2024-03-13,4.34,4.45,4.285,4.29,7219995
827,2024-03-14,4.28,4.2975,4.11,4.17,7492905
828,2024-03-15,4.14,4.27,4.11,4.12,14500671
829,2024-03-18,4.16,4.16,3.97,4.0,12878026
830,2024-03-19,4.0,4.1,3.98,4.06,6529396
831,2024-03-20,4.01,4.1,3.95,4.03,10242785
832,2024-03-21,4.11,4.28,4.05,4.09,8974064
833,2024-03-22,4.06,4.12,4.0,4.05,8715694
834,2024-03-25,4.07,4.2,4.06,4.08,4500139
835,2024-03-26,4.1,4.185,4.05,4.06,8577231
836,2024-03-27,4.1,4.15,4.05,4.14,4884037
837,2024-03-28,4.13,4.23,4.09,4.11,6250844
838,2024-04-01,4.13,4.14,4.03,4.08,5843477
839,2024-04-02,4.03,4.03,3.8332,3.87,12248319
840,2024-04-03,3.9,3.95,3.8,3.88,7968882
841,2024-04-04,3.93,4.04,3.86,3.9,6599813
842,2024-04-05,3.91,3.92,3.78,3.8,9366369
843,2024-04-08,3.81,3.84,3.73,3.77,6365134
844,2024-04-09,3.84,3.92,3.78,3.84,5242361
845,2024-04-10,3.74,3.78,3.66,3.74,7771430
846,2024-04-11,3.83,3.955,3.78,3.86,7521131
847,2024-04-12,3.85,3.87,3.7,3.73,8803045
848,2024-04-15,3.76,3.785,3.51,3.53,15973752
849,2024-04-16,3.51,3.65,3.47,3.56,7230973
850,2024-04-17,3.58,3.66,3.54,3.57,4283854
851,2024-04-18,3.58,3.64,3.48,3.55,5011490
852,2024-04-19,3.53,3.62,3.51,3.55,5710798
853,2024-04-22,3.58,3.61,3.49,3.59,5642325
854,2024-04-23,3.58,3.78,3.575,3.68,5609680
855,2024-04-24,3.73,3.78,3.62,3.69,6095203
856,2024-04-25,3.66,3.685,3.56,3.65,5236162
857,2024-04-26,3.67,3.775,3.65,3.77,5016457
858,2024-04-29,3.81,3.83,3.73,3.8,3869197
859,2024-04-30,3.82,3.8351,3.71,3.76,7577561
860,2024-05-01,3.76,3.98,3.72,3.85,9613338
861,2024-05-02,3.9,3.955,3.81,3.95,6283341
862,2024-05-03,4.0,4.08,3.96,4.0,5417240
863,2024-05-06,4.06,4.12,4.025,4.06,8227083
864,2024-05-07,3.9,3.99,3.655,3.97,17275471
865,2024-05-08,3.88,4.12,3.82,4.1,9529392
866,2024-05-09,4.128,4.3,4.11,4.26,7792433
867,2024-05-10,4.1,4.2,3.975,4.11,9940200
868,2024-05-13,4.16,4.46,4.15,4.16,10483204
869,2024-05-14,4.24,4.58,4.24,4.56,20583411
870,2024-05-15,4.6,4.64,4.315,4.34,11808231
871,2024-05-16,4.34,4.445,4.22,4.24,5501699
872,2024-05-17,4.24,4.3,4.18,4.25,4909704
873,2024-05-20,4.29,4.435,4.235,4.4,5456604
874,2024-05-21,4.38,4.53,4.35,4.46,5936252
875,2024-05-22,4.47,4.4895,4.28,4.34,4592586
876,2024-05-23,4.36,4.38,4.18,4.22,5007321
877,2024-05-24,4.25,4.268,4.18,4.21,5153828
878,2024-05-28,4.25,4.47,4.24,4.39,7648444
879,2024-05-29,4.31,4.32,4.15,4.18,6190245
880,2024-05-30,4.28,4.38,4.1715,4.33,5056701
881,2024-05-31,4.32,4.415,4.22,4.37,6454335
882,2024-06-03,4.4,4.45,4.26,4.33,4725074
883,2024-06-04,4.28,4.31,4.23,4.28,4188512
884,2024-06-05,4.33,4.44,4.26,4.44,4798638
885,2024-06-06,4.38,4.44,4.32,4.37,3247744
886,2024-06-07,4.31,4.44,4.28,4.44,4053558
887,2024-06-10,4.38,4.62,4.335,4.56,7097452
888,2024-06-11,4.55,4.6,4.41,4.57,6532693
889,2024-06-12,4.71,4.94,4.62,4.64,7816271
890,2024-06-13,4.695,4.705,4.5101,4.55,4704539
891,2024-06-14,4.5,4.525,4.33,4.39,4803287
892,2024-06-17,4.35,4.375,4.195,4.34,7195189
893,2024-06-18,4.585,4.99,4.54,4.91,19721320
894,2024-06-20,4.935,4.965,4.67,4.8,12331665
895,2024-06-21,4.81,5.1,4.72,5.01,22081206
896,2024-06-24,5.08,5.16,4.75,4.83,11430276
897,2024-06-25,4.81,4.84,4.66,4.74,6000201
898,2024-06-26,4.68,4.8,4.67,4.76,4750625
899,2024-06-27,4.79,4.92,4.76,4.86,4011825
900,2024-06-28,4.9,4.95,4.705,4.8,15030062
901,2024-07-01,4.78,4.8,4.5,4.54,7074427
902,2024-07-02,4.51,4.65,4.49,4.61,5351873
903,2024-07-03,4.63,4.73,4.61,4.62,2711688
904,2024-07-05,4.65,4.88,4.64,4.88,4684030
905,2024-07-08,4.97,5.1195,4.92,4.97,5084109
906,2024-07-09,4.97,5.085,4.91,5.08,4808148
907,2024-07-10,5.15,5.245,5.03,5.13,5289343
908,2024-07-11,5.22,5.35,5.15,5.33,7586807
909,2024-07-12,5.39,5.68,5.38,5.65,11371348
910,2024-07-15,5.59,5.765,5.36,5.72,8167875
911,2024-07-16,5.825,5.84,5.51,5.63,10333659
912,2024-07-17,5.45,5.605,5.34,5.45,10461493
913,2024-07-18,5.5,5.55,5.1901,5.26,6243974
914,2024-07-19,5.26,5.36,5.15,5.2,3317965
915,2024-07-22,5.25,5.37,5.18,5.34,4040321
916,2024-07-23,5.33,5.5199,5.3,5.4,4069513
917,2024-07-24,5.31,5.465,5.19,5.21,4038488
918,2024-07-25,5.12,5.4,5.09,5.25,5001933
919,2024-07-26,5.34,5.46,5.3,5.4,4424524
920,2024-07-29,5.42,5.5,5.2802,5.32,3932544
921,2024-07-30,5.34,5.395,5.16,5.26,4324909
922,2024-07-31,5.3,5.45,5.21,5.24,5100743
923,2024-08-01,5.24,5.25,4.89,4.96,7307544
924,2024-08-02,4.71,4.86,4.65,4.81,8456408
925,2024-08-05,4.25,4.7401,4.2,4.66,7152084
926,2024-08-06,4.81,4.86,4.625,4.715,4073573
927,2024-08-07,4.82,4.82,4.55,4.58,4765710
928,2024-08-08,4.68,4.93,4.63,4.77,7105058
929,2024-08-09,5.35,5.59,5.2,5.37,17827847
930,2024-08-12,5.41,5.54,5.18,5.39,7080554
931,2024-08-13,5.25,5.3,5.03,5.23,12138628
932,2024-08-14,5.27,5.35,5.16,5.18,4493585
933,2024-08-15,5.25,6.04,5.25,5.83,23961792
934,2024-08-16,6.27,7.1,5.92,6.56,74179892
935,2024-08-19,6.78,7.36,6.47,7.19,47084173
936,2024-08-20,7.25,7.258,6.6,6.65,27622924
937,2024-08-21,6.7,7.27,6.22,7.0,26839916
938,2024-08-22,7.0,7.26,6.83,6.84,22202441
939,2024-08-23,6.99,7.07,6.7624,6.96,14731078
940,2024-08-26,6.96,6.97,6.51,6.74,13359443
941,2024-08-27,6.59,6.6,6.11,6.12,16090534
942,2024-08-28,6.02,6.25,5.96,6.09,12833299
943,2024-08-29,6.19,6.47,6.14,6.23,8084109
944,2024-08-30,6.24,6.49,6.22,6.27,8159281
945,2024-09-03,6.2,6.25,5.995,6.06,6921286
946,2024-09-04,6.02,6.47,6.02,6.34,9643748
947,2024-09-05,6.29,6.34,6.04,6.08,6214629
948,2024-09-06,6.11,6.2,5.74,5.81,9211303
949,2024-09-09,5.9,6.275,5.88,6.14,9684920
950,2024-09-10,6.14,6.17,5.96,6.15,6175742
951,2024-09-11,6.18,6.6987,6.15,6.68,13295217
952,2024-09-12,6.68,7.05,6.63,6.86,13988565
953,2024-09-13,6.96,7.47,6.91,7.46,13806136
954,2024-09-16,7.47,7.526,7.17,7.37,13219562
955,2024-09-17,7.45,7.51,7.07,7.17,9184991
956,2024-09-18,7.15,7.5,7.1,7.12,11804502
957,2024-09-19,7.33,7.3701,7.0,7.17,10540491
958,2024-09-20,7.15,7.72,7.13,7.47,22836028
959,2024-09-23,7.63,7.67,7.465,7.56,12454711
960,2024-09-24,7.58,7.615,7.275,7.59,9793424
961,2024-09-25,7.555,8.79,7.55,8.62,29464604
962,2024-09-26,8.84,8.98,8.6301,8.69,15727027
963,2024-09-27,8.87,10.29,8.8426,9.78,39176855
964,2024-09-30,9.87,10.15,9.52,9.73,20449882
965,2024-10-01,9.66,9.72,9.09,9.23,14756841
966,2024-10-02,8.96,9.76,8.8,9.71,15642571
967,2024-10-03,9.6,9.86,9.164,9.25,8922634
968,2024-10-04,9.515,10.01,9.42,9.8,10754750
969,2024-10-07,9.96,10.11,9.48,9.68,12518515
970,2024-10-08,9.6,10.14,9.362,9.41,12438522
971,2024-10-09,9.27,9.66,8.99,9.45,10854528
972,2024-10-10,9.34,9.5287,9.27,9.39,6877009
973,2024-10-11,9.35,9.78,9.2,9.7,8278486
974,2024-10-14,9.92,10.11,9.66,9.88,14831171
975,2024-10-15,9.82,10.34,9.48,9.94,16863619
976,2024-10-16,10.03,11.19,9.98,11.19,26303545
977,2024-10-17,11.17,11.19,10.55,10.68,14503153
978,2024-10-18,10.765,11.0,10.48,10.81,10093113
979,2024-10-21,10.85,11.29,10.68,11.26,11021171
980,2024-10-22,11.21,11.5199,11.03,11.16,10455704
981,2024-10-23,11.16,11.27,10.6498,10.91,10104856
982,2024-10-24,11.005,12.085,11.005,11.19,16684242
983,2024-10-25,11.24,11.33,10.91,11.18,10553284
984,2024-10-28,11.25,11.47,11.0606,11.26,8443051
985,2024-10-29,11.15,11.58,10.87,11.47,9573348
986,2024-10-30,11.35,11.63,10.95,10.96,9128508
987,2024-10-31,10.91,10.91,10.29,10.7,13057466
988,2024-11-01,10.9,11.5,10.85,11.42,11010849
989,2024-11-04,11.265,11.395,10.97,11.25,7701599
990,2024-11-05,11.34,11.85,11.28,11.81,8553958
991,2024-11-06,12.295,13.06,12.07,13.05,17747251
992,2024-11-07,13.5,13.89,13.08,13.46,15823830
993,2024-11-08,13.32,13.9,12.9,13.51,17769112
994,2024-11-11,14.64,15.24,14.01,14.78,27297214
995,2024-11-12,14.49,15.02,14.24,14.66,25153564
996,2024-11-13,19.24,22.55,18.65,18.83,121001251
997,2024-11-14,19.43,19.43,17.2505,17.36,45508969
998,2024-11-15,17.03,19.48,16.8,19.0,42280047
999,2024-11-18,19.54,20.35,18.47,19.29,29165923
1000,2024-11-19,19.025,20.97,18.72,20.5,28809562
1001,2024-11-20,20.55,20.76,19.64,20.18,17269695
1002,2024-11-21,20.4,22.48,19.75,22.41,28114890
1003,2024-11-22,23.025,23.81,22.38,23.26,28378030
1004,2024-11-25,25.385,25.5799,22.8202,24.06,40883178
1005,2024-11-26,23.72,26.71,23.62,25.44,41464099
1006,2024-11-27,25.895,27.2,24.73,25.67,26623100
1007,2024-11-29,26.0,28.05,25.66,27.28,19870548
1008,2024-12-02,27.975,28.1,24.0,24.155,41206917
1009,2024-12-03,23.8,24.2599,22.5,23.01,30532442
1010,2024-12-04,22.95,24.0,22.34,23.11,23047128
1011,2024-12-05,23.105,24.52,22.66,23.92,19910388
1012,2024-12-06,24.425,25.0,23.43,24.68,19915408
1013,2024-12-09,24.96,25.09,21.87,23.24,27871041
1014,2024-12-10,22.85,24.4,22.8,22.85,12572951
1015,2024-12-11,22.98,23.985,21.93,23.35,14544824
1016,2024-12-12,22.92,23.96,22.33,22.58,13386699
1017,2024-12-13,22.43,24.57,22.42,24.42,18758537
1018,2024-12-16,24.465,25.95,23.35,25.9,19543689
1019,2024-12-17,25.9,26.45,24.53,26.37,15277958
1020,2024-12-18,26.28,26.78,22.89,22.92,21660874
1021,2024-12-19,23.66,24.7,22.7,23.22,15541757
1022,2024-12-20,22.14,25.29,22.01,24.87,25072884
1023,2024-12-23,24.97,26.32,24.34,25.59,14463670
1024,2024-12-24,25.57,26.6,25.09,26.6,8689609
1025,2024-12-26,26.6,28.8,26.11,28.44,20056033
1026,2024-12-27,28.21,28.71,26.74,27.22,15559153
1027,2024-12-30,26.22,26.81,24.9,26.32,13775610
1028,2024-12-31,26.54,26.88,25.18,25.47,13084832
1029,2025-01-02,25.43,25.66,23.7,24.96,13792668
1030,2025-01-03,25.025,28.77,25.025,28.74,22114682
1031,2025-01-06,28.99,30.26,28.58,28.8,22305366
1032,2025-01-07,29.13,29.96,27.42,27.95,19138758
1033,2025-01-08,27.3,28.32,25.89,27.36,18750161
1034,2025-01-10,26.85,27.99,26.01,26.91,15339962
1035,2025-01-13,25.55,25.67,23.61,23.91,18040154
1036,2025-01-14,24.45,24.86,23.42,24.16,13862770
1037,2025-01-15,25.04,26.5,24.78,24.87,15252228
1038,2025-01-16,25.03,25.7769,24.2,24.64,10860202
1039,2025-01-17,25.13,25.6532,23.94,24.0,14068297
1040,2025-01-21,26.0,31.64,25.52,31.27,62027703
1041,2025-01-22,29.65,30.1799,28.44,29.62,27902183
1042,2025-01-23,29.0,31.75,28.51,31.57,23888105
1043,2025-01-24,32.03,33.34,30.2,30.36,23878644
1044,2025-01-27,28.94,30.23,28.48,29.43,17477224
1045,2025-01-28,29.7,30.49,27.8501,28.98,16086858
1046,2025-01-29,29.24,30.45,28.26,28.87,12874510
1047,2025-01-30,29.185,30.81,27.77,28.53,19556513
1048,2025-01-31,28.75,30.53,28.2588,29.05,20697040
1049,2025-02-03,27.19,29.18,26.45,28.38,18884717
1050,2025-02-04,29.02,30.16,28.41,28.68,17138224
1051,2025-02-05,28.96,29.1356,27.85,28.6,15149086
1052,2025-02-06,28.58,28.92,27.25,27.68,15384031
1053,2025-02-07,27.98,29.691,27.22,27.41,19260137
1054,2025-02-10,27.75,31.08,27.36,30.6,27264836
1055,2025-02-11,29.86,30.32,28.08,28.22,20244702
1056,2025-02-12,28.01,28.58,27.4,27.62,15500028
1057,2025-02-13,28.08,28.381,27.01,28.3,18636357
1058,2025-02-14,28.24,28.65,27.04,28.02,15313031
1059,2025-02-18,28.27,29.7884,27.3898,27.74,20977182
1060,2025-02-19,28.0,28.295,25.73,25.93,18899047
1061,2025-02-20,25.98,26.1499,23.87,25.26,22884773
1062,2025-02-21,25.895,25.93,23.36,23.55,16255114
1063,2025-02-24,23.74,23.9,21.72,22.49,19606062
1064,2025-02-25,21.7,22.16,19.78,20.28,29088977
1065,2025-02-26,21.015,21.46,20.5,21.25,16409886
1066,2025-02-27,21.975,22.16,19.755,19.83,23948955
1067,2025-02-28,16.36,20.49,16.17,20.49,37550739
1068,2025-03-03,21.24,21.45,18.4,18.66,26785154
1069,2025-03-04,17.97,19.95,17.51,18.995,25807896
1070,2025-03-05,19.115,20.84,18.77,20.4,18412430
1071,2025-03-06,19.58,20.27,18.3701,18.66,18086788
1072,2025-03-07,18.29,19.1,17.67,18.8,16108782
1073,2025-03-10,18.2,18.23,16.47,17.12,21121958
1074,2025-03-11,16.31,18.14,16.05,17.83,15509238
1075,2025-03-12,18.92,19.38,17.58,18.43,19095608
1076,2025-03-13,18.345,18.52,17.2907,17.57,10493851
1077,2025-03-14,18.095,18.965,17.8,18.81,12008907
1078,2025-03-17,19.09,19.95,18.85,19.1,15581579
1079,2025-03-18,18.595,18.595,17.96,17.98,9768330
1080,2025-03-19,18.3,19.07,17.78,18.78,12096266
1081,2025-03-20,18.4,18.87,18.16,18.53,8508991
1082,2025-03-21,18.105,18.98,17.98,18.94,16743564
1083,2025-03-24,19.445,20.45,19.41,20.21,13807146
1084,2025-03-25,20.295,20.39,19.61,20.27,12026534
1085,2025-03-26,20.04,20.345,19.392,19.44,12811602
1086,2025-03-27,19.05,19.29,18.31,18.42,11754337
1087,2025-03-28,19.56,19.79,18.43,18.62,25511877
1088,2025-03-31,17.89,18.395,17.3506,17.88,15132500
1089,2025-04-01,17.69,18.8,17.11,18.15,14075277
1090,2025-04-02,17.59,19.75,17.5,19.34,15260401
1091,2025-04-03,17.77,18.31,17.42,17.89,16592890
1092,2025-04-04,17.125,17.38,15.0,16.37,22799681
1093,2025-04-07,14.715,18.24,14.71,17.52,23935487
1094,2025-04-08,18.537,19.39,16.73,17.18,19958387
1095,2025-04-09,17.5,21.39,17.2,20.59,31470410
1096,2025-04-10,19.81,20.74,18.93,19.63,16731421
1097,2025-04-11,19.56,19.97,18.87,19.63,15484352
1098,2025-04-14,20.31,20.46,18.66,19.13,13196837
1099,2025-04-15,19.95,22.1,19.77,21.07,30434199
1100,2025-04-16,20.3,20.64,19.51,19.975,14733021
1101,2025-04-17,20.085,20.43,19.42,19.74,9225420
1102,2025-04-21,19.47,19.72,18.21,18.65,9055626
1103,2025-04-22,18.88,19.42,18.5497,19.04,9383879
1104,2025-04-23,20.45,21.4,20.09,20.29,17819299
1105,2025-04-24,20.31,22.07,20.0201,21.88,15536370
1106,2025-04-25,21.99,22.56,21.75,22.38,13775635
1107,2025-04-28,23.2,23.77,21.722,22.67,13139011
1108,2025-04-29,22.83,23.0,22.3001,22.4,6646525
1109,2025-04-30,21.2,22.1,20.73,21.79,10400129
1110,2025-05-01,22.365,22.38,21.7,22.12,8397374
1111,2025-05-02,22.38,23.4199,22.34,22.99,12728867
1112,2025-05-05,22.56,22.925,22.2601,22.48,8016305
1113,2025-05-06,21.915,22.44,21.502,22.37,7751350
1114,2025-05-07,22.4,22.48,21.845,22.29,7784717
1115,2025-05-08,23.025,23.2,22.25,23.1,15754037
1116,2025-05-09,22.9,22.9,20.2319,20.51,30349715
1117,2025-05-12,21.755,21.8,20.885,21.26,15229690
1118,2025-05-13,21.68,22.37,21.44,21.83,14950661
1119,2025-05-14,21.99,24.52,21.86,24.13,36800892
1120,2025-05-15,23.59,25.23,22.77,25.22,27530551
1121,2025-05-16,25.3,25.7499,24.9304,25.57,24452924
1122,2025-05-19,24.3,25.82,24.29,25.8,17316297
1123,2025-05-20,25.94,26.3968,25.34,26.0,18173574
1124,2025-05-21,25.655,26.66,25.04,25.17,17081847
1125,2025-05-22,24.75,26.5684,23.9203,25.82,18681195
1126,2025-05-23,25.335,25.515,24.67,25.42,14249928
1127,2025-05-27,26.6,28.76,26.58,28.76,21781500
1128,2025-05-28,29.91,30.78,28.5204,28.93,30832457
1129,2025-05-29,29.69,30.03,27.26,27.35,16382724
1130,2025-05-30,27.015,27.22,26.03,26.79,12706288
1131,2025-06-02,26.5,27.0,25.81,26.6,10757146
1132,2025-06-03,27.385,28.0,26.47,26.72,12186460
1133,2025-06-04,26.75,27.46,26.1603,26.91,11683044
1134,2025-06-05,26.88,26.96,25.52,26.45,28419065
1135,2025-06-06,28.16,29.09,26.35,28.92,34136532
1136,2025-06-09,30.0,32.7,28.3548,29.64,60217083
1137,2025-06-10,29.57,29.79,27.0,27.17,30798147
1138,2025-06-11,27.715,28.04,26.89,27.36,21283359
1139,2025-06-12,27.04,27.41,26.28,26.4,12967501
1140,2025-06-13,25.65,26.5097,25.24,25.41,15593935
1141,2025-06-16,25.87,26.58,25.6,26.55,13601318
1142,2025-06-17,26.1,27.22,25.71,26.42,14498908
1143,2025-06-18,26.4,28.065,26.23,27.85,18457723
1144,2025-06-20,28.35,30.11,27.84,30.04,37065965
1145,2025-06-23,28.925,32.93,28.44,32.78,44056812
1146,2025-06-24,33.08,34.23,32.43,33.46,28392644
1147,2025-06-25,34.0,34.5,31.78,32.35,22969836
1148,2025-06-26,32.41,37.27,32.41,36.14,41601812
1149,2025-06-27,36.645,37.66,34.83,35.38,75749287
1150,2025-06-30,36.535,37.95,35.42,35.77,18438352
1151,2025-07-01,37.015,38.26,33.88,34.33,26656511
1152,2025-07-02,34.39,35.79,33.73,35.68,14865574
1153,2025-07-03,35.79,36.21,35.25,35.66,7975973
1154,2025-07-07,36.98,39.06,35.275,38.88,35564138
1155,2025-07-08,38.49,39.94,37.98,38.74,27769372
1156,2025-07-09,38.53,39.43,37.77,39.14,16267272
1157,2025-07-10,39.17,39.68,38.13,39.1,13663829
1158,2025-07-11,38.97,40.3,38.6,39.03,16371475
1159,2025-07-14,39.3,43.47,38.77,43.21,29196169
1160,2025-07-15,43.29,45.48,42.8206,44.6,29999724
1161,2025-07-16,45.55,48.07,44.86,47.69,26770886
1162,2025-07-17,48.7,53.44,48.6,51.33,46760173
1163,2025-07-18,50.65,51.85,47.91,51.39,32919640
1164,2025-07-21,50.05,51.58,46.85,47.19,29305900
1165,2025-07-22,45.99,47.87,44.46,46.88,24381737
1166,2025-07-23,47.62,49.28,46.93,49.15,18179914
1167,2025-07-24,49.3,49.62,47.31,48.13,12600554
1168,2025-07-25,47.9,48.23,46.45,47.43,14517933
1169,2025-07-28,47.955,48.165,44.41,45.11,20928726
1170,2025-07-29,45.41,45.51,42.83,43.79,14706515
1171,2025-07-30,43.86,46.56,43.36,46.44,16853439
1172,2025-07-31,46.37,47.72,45.43,45.92,13041472
1173,2025-08-01,43.195,46.17,42.315,44.81,16566292
1174,2025-08-04,45.1,45.8,44.0701,44.54,11625061
1175,2025-08-05,45.12,45.38,43.13,44.75,10920434
1176,2025-08-06,44.71,45.1,43.67,44.1,8051641
1177,2025-08-07,44.185,44.58,43.1,44.21,21522059
1178,2025-08-08,47.54,49.92,43.5,44.69,39170199
1179,2025-08-11,44.65,46.1,41.505,45.02,24893549
1180,2025-08-12,45.37,47.27,43.42,43.43,20922204
1181,2025-08-13,44.0,44.7,42.44,43.0,14523637
1182,2025-08-14,42.76,45.69,42.01,42.81,18472926
1183,2025-08-15,42.975,44.88,41.75,44.27,14183124
1184,2025-08-18,44.3,47.08,44.03,44.97,21268927
1185,2025-08-19,45.1,45.16,40.9,40.92,24104830
1186,2025-08-20,40.21,40.86,38.26,40.69,20325039
1187,2025-08-21,40.78,41.87,40.22,41.53,14951474
1188,2025-08-22,40.97,44.684,40.4194,44.38,18818248
1189,2025-08-25,45.16,49.59,44.05,47.22,30133227
1190,2025-08-26,47.73,50.92,47.0,48.13,47698035
1191,2025-08-27,48.68,48.74,45.82,46.25,16784736
1192,2025-08-28,46.88,47.975,45.34,47.91,16940195
1193,2025-08-29,47.85,48.8,46.02,48.6,15897764
1194,2025-09-02,46.75,49.54,45.68,49.31,20305189
1195,2025-09-03,50.27,50.8999,43.5118,43.53,33322331
1196,2025-09-04,44.16,44.58,42.7,42.99,17273102
1197,2025-09-05,43.565,45.99,42.39,45.84,17361988
1198,2025-09-08,45.5,48.2,45.488,47.73,18846406
1199,2025-09-09,47.01,47.53,45.5117,47.03,13243732
1200,2025-09-10,47.53,48.11,45.6,46.17,11638482
1201,2025-09-11,46.32,49.665,46.055,48.43,22816313
1202,2025-09-12,48.98,54.03,48.6106,53.34,27889793
1203,2025-09-15,53.58,55.17,52.72,54.04,23957068
1204,2025-09-16,52.0,52.08,47.01,47.245,42608071
1205,2025-09-17,47.565,48.54,46.45,48.08,20731040
1206,2025-09-18,48.92,49.19,47.0,47.18,19434130
1207,2025-09-19,47.68,48.93,47.13,47.79,26870013
1208,2025-09-22,47.13,50.26,46.8,49.81,22995857
1209,2025-09-23,49.025,54.1579,47.9101,52.91,38063987
1210,2025-09-24,51.795,52.48,48.43,48.69,30681604
1211,2025-09-25,48.0,48.62,45.21,46.63,22418540
1212,2025-09-26,47.3,47.69,45.83,46.26,14907054
1213,2025-09-29,47.4,48.1,46.37,47.01,16145380
1214,2025-09-30,47.21,47.99,46.51,47.91,14856093
1215,2025-10-01,47.38,49.42,47.12,47.97,25640218
1216,2025-10-02,48.64,52.65,48.51,52.47,35212859
1217,2025-10-03,52.05,56.9392,51.26,56.16,37741857
1218,2025-10-06,56.865,59.26,55.8,58.5,31020499
1219,2025-10-07,59.01,62.56,57.02,61.51,36545635
1220,2025-10-08,64.15,68.5341,63.65,65.31,36149875
1221,2025-10-09,64.9,68.5397,64.42,66.42,25844499
1222,2025-10-10,70.8,73.5,64.14,64.26,40876811
1223,2025-10-13,67.88,70.44,64.6221,65.42,26180258
1224,2025-10-14,65.34,69.67,62.19,68.03,27623545
1225,2025-10-15,70.02,73.97,67.08,69.27,26290819
1226,2025-10-16,70.07,72.25,66.4249,67.0,23835179
1227,2025-10-17,65.89,68.5,63.7,66.27,16892933
1228,2025-10-20,69.135,72.18,66.675,67.35,25835156
1229,2025-10-21,68.04,68.04,64.86,65.4,17508152
1230,2025-10-22,62.97,64.02,58.41,60.565,22149432
1231,2025-10-23,61.56,64.7,60.75,63.57,13226358
1232,2025-10-24,64.81,66.18,63.65,64.56,12041181
1233,2025-10-27,66.19,66.35,64.1501,65.62,19183285
1234,2025-10-28,65.675,66.54,63.61,63.75,11772870
1235,2025-10-29,64.145,67.39,63.48,66.16,17907153
1236,2025-10-30,65.0,65.18,60.89,60.92,12478959
1237,2025-10-31,61.77,63.4495,60.4004,62.98,13830091
1238,2025-11-03,63.03,63.1,59.13,61.34,11463477
1239,2025-11-04,57.8,59.4899,56.51,56.57,13725537
1240,2025-11-05,56.66,57.28,54.87,56.42,13254318
1241,2025-11-06,56.21,56.21,49.41,49.61,21053053
1242,2025-11-07,47.657,52.1,46.3109,51.64,25058754
1243,2025-11-10,53.74,54.5,50.76,51.9,22929766
1244,2025-11-11,56.0,56.96,51.21,51.24,33240062
1245,2025-11-12,51.93,55.33,49.6601,49.97,21987076
1246,2025-11-13,48.76,49.38,44.37,45.25,26517134
1247,2025-11-14,43.71,47.22,43.3,45.54,21107143
1248,2025-11-17,45.15,45.682,42.225,43.31,17583509
1249,2025-11-18,42.22,43.61,41.23,42.78,16982022
1250,2025-11-19,42.5,44.53,42.43,43.62,15303963
1251,2025-11-20,46.08,46.26,39.32,39.48,25029291
1252,2025-11-21,39.83,41.045,37.57,40.3,18869983
1253,2025-11-24,40.76,42.53,39.3,42.45,20280997
1254,2025-11-25,42.03,42.805,40.38,42.6,10568827
1255,2025-11-26,43.24,43.5898,41.3799,41.93,10906064
1256,2025-11-28,42.51,42.6999,41.8,42.14,5636841
1257,2025-12-01,41.15,41.3,39.98,40.37,13260625
1258,2025-12-02,40.56,42.9896,40.42,41.9,13390810
1259,2025-12-03,41.895,44.74,41.5,44.72,14385205
1260,2025-12-04,45.645,49.68,44.82,49.37,28366585
1261,2025-12-05,48.875,49.6999,47.7,49.055,14633125
1262,2025-12-08,50.08,52.37,49.22,51.56,21748454
1263,2025-12-09,51.23,53.75,50.34,53.43,17526159
1264,2025-12-10,53.44,58.83,52.25,57.52,38839854
1265,2025-12-11,57.51,64.15,56.85,63.53,31378814
1266,2025-12-12,62.5,65.18,59.8,61.49,33545330
1267,2025-12-15,63.052,64.56,55.08,55.41,32932215
1268,2025-12-16,54.19,56.73,52.68,55.49,22447398
1269,2025-12-17,56.1,56.91,53.085,53.96,23761067
1270,2025-12-18,56.2,60.25,56.03,59.92,27939357
1271,2025-12-19,61.12,70.56,60.7465,70.52,52764831
1272,2025-12-22,72.94,78.45,72.752,77.55,48279566
1273,2025-12-23,73.81,79.1799,73.29,77.18,35673312
1274,2025-12-24,78.035,79.83,74.8007,77.18,16720593
1275,2025-12-26,76.68,76.99,70.39,70.65,23157785
1276,2025-12-29,69.5,72.74,69.322,70.12,18294098
1277,2025-12-30,73.025,74.69,70.44,70.45,30151682
1278,2025-12-31,71.5,73.1959,69.13,69.76,17594248
1279,2026-01-02,70.63,76.24,66.85,75.99,31517644
1280,2026-01-05,74.62,78.25,71.31,78.14,33498622
1281,2026-01-06,77.76,86.25,74.05,86.03,43669685
1282,2026-01-07,84.1,85.9599,81.85,84.08,28603484
1283,2026-01-08,85.5,89.87,82.26,83.08,29874189
1284,2026-01-09,84.525,88.4299,82.45,84.85,23780421
1285,2026-01-12,84.98,88.8399,83.4189,87.9,22125035
1286,2026-01-13,89.14,89.7292,85.6501,86.58,21759465
1287,2026-01-14,86.35,92.19,84.5,91.8,28345962
1288,2026-01-15,89.265,92.459,86.65,90.76,24810294
1289,2026-01-16,92.525,99.58,92.4,96.3,36105306
1290,2026-01-20,93.7,98.2699,88.3,89.16,29300928
1291,2026-01-21,90.02,91.25,82.71,87.82,30538728
1292,2026-01-22,86.38,89.4,81.3506,87.98,30063005
1293,2026-01-23,89.055,94.4499,86.12,88.9,24380957
1294,2026-01-26,86.745,87.16,80.01,80.48,21659884
1295,2026-01-27,82.89,87.0,82.0,87.0,17676463
1296,2026-01-28,87.22,89.8,86.0276,88.57,16262985
1297,2026-01-29,87.94,89.0,83.0,85.68,15857335
1298,2026-01-30,85.0,89.32,78.02,80.07,22706972
1299,2026-02-02,79.16,80.7,73.879,74.15,18337002
1300,2026-02-03,78.6,81.32,75.77,81.27,19000581
1301,2026-02-04,81.35,81.35,68.5628,73.11,26237423
1302,2026-02-05,69.98,72.99,65.2,66.32,22675406
1303,2026-02-06,69.0,72.66,67.0,72.32,20049555
