stock,strategy,return_pct,sharpe,max_dd,trades
AAPL,Oversold_Bounce,42970.659414652204,0.6290323007417031,0.5578663956587874,2
AAPL,MACDTrend,-58.352997380773985,-0.8453452091700028,0.6087917618139419,1584
AAPL,ADXTrend,-47.534010211396044,-0.6330111040415651,0.5029717755840141,1156
AAPL,RSI_Divergence,-50.77344259643086,-0.6531184478360268,0.5182425865958612,802
AAPL,Bollinger_Mean_Reversion,-53.08087891487456,-0.8280569083633686,0.5355619533894208,576
AAPL,Three_MA_Trend,2.5823367635231986,0.021508079804862735,0.25975899429140603,326
AAPL,Dual_Moving_Average_Crossover,-18.737696391796433,-0.21629981461982112,0.2528501667938883,722
AAPL,CCI_Mean_Reversion,-58.81555056428497,-0.947314213087527,0.5915523435792279,528
AAPL,Stochastic_RSI_Oscillator,-42.474995614006396,-0.5547318422955462,0.432745118487235,410
AAPL,WilliamsR_Momentum,117.54851816704739,0.21816833896449234,0.4005615125759571,48
MSFT,Oversold_Bounce,76780.160309069,0.6324565068744502,0.7089906507005197,2
MSFT,MACDTrend,-69.24396082118993,-1.3312320161241598,0.7081954956936368,1582
MSFT,ADXTrend,-43.55447798519759,-0.6761939529314843,0.49291146310574446,1030
MSFT,RSI_Divergence,-67.10499327126757,-0.863441357938864,0.6977383428987464,796
MSFT,Bollinger_Mean_Reversion,-41.50883945087037,-0.640818296232215,0.44990664738598063,548
MSFT,Three_MA_Trend,-13.214623513260811,-0.1729399784620129,0.24965896981546576,344
MSFT,Dual_Moving_Average_Crossover,-23.8819023778807,-0.31735678259138134,0.36456015345224274,750
MSFT,CCI_Mean_Reversion,-51.33510438017059,-0.6571483355254663,0.5625543913243887,592
MSFT,Stochastic_RSI_Oscillator,-48.105706010062285,-0.5916641849218568,0.4880868272461127,374
MSFT,WilliamsR_Momentum,-100.0,-0.5650812915723216,1.0,37
GOOGL,Oversold_Bounce,1044.32391339198,0.7062777219304206,0.3762301637835983,2
GOOGL,MACDTrend,-41.75009803111311,-1.1657854628250057,0.4469603596804806,870
GOOGL,ADXTrend,-25.123513989926288,-0.7766926533362654,0.28131006031232186,562
GOOGL,RSI_Divergence,-34.212829801572035,-0.9642583679660522,0.34512179022596334,376
GOOGL,Bollinger_Mean_Reversion,-21.241650445629972,-0.5890131996512935,0.25162214220660034,302
GOOGL,Three_MA_Trend,-7.193478361598666,-0.22145523566006975,0.1337096602744292,182
GOOGL,Dual_Moving_Average_Crossover,-10.956874599968826,-0.2623381706753283,0.2533954018660091,384
GOOGL,CCI_Mean_Reversion,-24.88306899044306,-0.7191467025633499,0.29538698402452607,314
GOOGL,Stochastic_RSI_Oscillator,-18.979796265728538,-0.5137355427750391,0.23179203316901162,214
GOOGL,WilliamsR_Momentum,73.99689389545681,0.3339749913208035,0.30004528675545405,12
AMZN,Oversold_Bounce,44227.9207875375,0.5422774564629931,0.8739627843670331,2
AMZN,MACDTrend,-55.89509900924251,-0.8709698962552114,0.6062866546383511,1158
AMZN,ADXTrend,-33.49572760351232,-0.44561077610339017,0.46064885085861834,790
AMZN,RSI_Divergence,-35.7085957004702,-0.42840065297836716,0.4008489559213087,538
AMZN,Bollinger_Mean_Reversion,-31.78046978426038,-0.37541701916439707,0.3677130113750171,420
AMZN,Three_MA_Trend,4.759721598843403,0.04022422464019096,0.21652339324281936,250
AMZN,Dual_Moving_Average_Crossover,-16.106081866106106,-0.18504746467215855,0.3645244668270352,506
AMZN,CCI_Mean_Reversion,-37.08181735626387,-0.4446790884005851,0.4124153651807154,416
AMZN,Stochastic_RSI_Oscillator,-42.182894882732526,-0.2959814291222352,0.4449795832230749,304
AMZN,WilliamsR_Momentum,-100.0,-0.19591075825827023,1.0,33
NVDA,Oversold_Bounce,73952.33984743373,0.6977866813190312,0.6985827966289021,2
NVDA,MACDTrend,-52.46789623444613,-0.8332256611399027,0.5321834166213281,1080
NVDA,ADXTrend,-43.615710695438395,-0.6488836047134595,0.48711851638583903,776
NVDA,RSI_Divergence,-46.80934293537081,-0.6372132867367678,0.49588811624139323,508
NVDA,Bollinger_Mean_Reversion,-39.098322566720654,-0.5229051217574379,0.4556157266433188,416
NVDA,Three_MA_Trend,89.44712106496058,0.3642333769167972,0.1728021629908746,204
NVDA,Dual_Moving_Average_Crossover,5.348221263572879,0.047141406322469985,0.1981370645583894,486
NVDA,CCI_Mean_Reversion,-49.31019923791098,-0.7192923822882986,0.5263790861041564,402
NVDA,Stochastic_RSI_Oscillator,-44.515985080916195,-0.513944135011428,0.4981947956000594,244
NVDA,WilliamsR_Momentum,-28.330350191990565,-0.057652326031391976,0.8684365705946387,32
META,Oversold_Bounce,309.37717052000005,0.5541418591456084,0.5257707818483202,2
META,MACDTrend,-35.706228308404825,-1.2071561522799557,0.39792404537859016,560
META,ADXTrend,-17.19887725362992,-0.6527807099495568,0.18802122052728398,350
META,RSI_Divergence,-26.45346749218743,-0.9045125675987401,0.31227960532900595,278
META,Bollinger_Mean_Reversion,-14.998430827212475,-0.48865865162008676,0.22075761062685284,202
META,Three_MA_Trend,22.789504917000116,0.3376173055404172,0.12027469613720697,116
META,Dual_Moving_Average_Crossover,-0.09515504874504403,-0.0026588500191114008,0.12385060242735596,252
META,CCI_Mean_Reversion,-21.856117066537454,-0.8796297571993548,0.23552044329181443,192
META,Stochastic_RSI_Oscillator,-16.17996915999493,-0.6291985492089872,0.2010302992452619,132
META,WilliamsR_Momentum,-29.081375727189997,-0.1858173597913614,0.5624204859031355,12
TSLA,Oversold_Bounce,4544.55932580507,0.6230569820481936,0.7232609151198334,2
TSLA,MACDTrend,-13.554670935131085,-0.2863780226556828,0.22840914706317056,600
TSLA,ADXTrend,-0.10157845651240496,-0.0015363146211357529,0.1632159360064703,406
TSLA,RSI_Divergence,-31.16329712572512,-0.5835714235414526,0.34879439804422224,292
TSLA,Bollinger_Mean_Reversion,-36.67538014711746,-0.7656284731341653,0.3770783892176588,218
TSLA,Three_MA_Trend,14.04320883623825,0.1505681084829685,0.18362994017463877,144
TSLA,Dual_Moving_Average_Crossover,19.64049354290203,0.22343491376353863,0.1932740213639988,286
TSLA,CCI_Mean_Reversion,-36.38313034000553,-0.6604350248750307,0.4068218328165689,212
TSLA,Stochastic_RSI_Oscillator,-30.342782442078605,-0.4419099864450638,0.4007891408833097,176
TSLA,WilliamsR_Momentum,-100.0,-0.3397415097574329,1.0,14
NFLX,Oversold_Bounce,7499.344615915829,0.6278675065047168,0.7495617942059939,2
NFLX,MACDTrend,-50.838489657570165,-1.1400585199462911,0.5338926855933671,838
NFLX,ADXTrend,-32.28775838829257,-0.6765775453713518,0.3395412578369397,588
NFLX,RSI_Divergence,-31.372056724305253,-0.5276738415620803,0.35271321663121136,444
NFLX,Bollinger_Mean_Reversion,-35.15149568970354,-0.6932387485916043,0.38267475388367406,288
NFLX,Three_MA_Trend,10.888236299725351,0.10622570765347623,0.19410707984613051,168
NFLX,Dual_Moving_Average_Crossover,-0.37306045119234477,-0.006139552819799754,0.17587960948093515,350
NFLX,CCI_Mean_Reversion,-33.9952486469581,-0.6683231604311514,0.3715802982297723,276
NFLX,Stochastic_RSI_Oscillator,-32.09258450744738,-0.6461813051174665,0.33570907192866073,218
NFLX,WilliamsR_Momentum,206.19028238117053,0.2050953313357237,0.7157678251469409,10
AMD,Oversold_Bounce,180.57901399999997,0.17964677197621143,0.4513618435086175,2
AMD,MACDTrend,-57.60919997501478,-0.6037149803946209,0.6055503656086918,1646
AMD,ADXTrend,-52.33726987034733,-0.5578265686135682,0.5412194927577344,1164
AMD,RSI_Divergence,-67.71712401659487,-0.825764714780359,0.6945337327583733,814
AMD,Bollinger_Mean_Reversion,-61.55200779424742,-0.653448149148794,0.6440706488330038,624
AMD,Three_MA_Trend,-13.04711403533496,-0.09685845285546042,0.1975532522572651,402
AMD,Dual_Moving_Average_Crossover,9.678867011825917,0.06410606214363652,0.23900400988024367,788
AMD,CCI_Mean_Reversion,-64.03206748346425,-0.6756407568354232,0.668766120412911,620
AMD,Stochastic_RSI_Oscillator,-52.232265898245004,-0.49576931904106625,0.5665259786404087,466
AMD,WilliamsR_Momentum,-68.37109102643997,-0.09576601878673403,0.8899360975818268,38
INTC,Oversold_Bounce,36461.13037699057,0.3110947721792389,0.8366013699385484,2
INTC,MACDTrend,-86.98000737308718,-1.3400627958437057,0.8699414737308718,2184
INTC,ADXTrend,-72.52326890680307,-0.8712399258147684,0.7393972120212332,1460
INTC,RSI_Divergence,-54.28123312017002,-0.5775964068907281,0.5708919163538126,966
INTC,Bollinger_Mean_Reversion,-52.540684900836176,-0.3878578173178486,0.6363623776919187,838
INTC,Three_MA_Trend,-26.01784266525043,-0.20378325078482845,0.3528676804542709,478
INTC,Dual_Moving_Average_Crossover,-52.11392233437899,-0.49912358177597965,0.5588439970249859,1006
INTC,CCI_Mean_Reversion,-46.19147740159681,-0.3956164520329895,0.5802792696515743,794
INTC,Stochastic_RSI_Oscillator,-32.93077417431143,-0.3026797075414908,0.4117094866986465,524
INTC,WilliamsR_Momentum,16.149014541395022,0.0720129954106353,0.3067280220551756,52
CRM,Oversold_Bounce,774.880275015,0.4103210902612891,0.5499110042405094,2
CRM,MACDTrend,-45.93839525016305,-1.1635120129945695,0.5086483736844366,846
CRM,ADXTrend,-28.48073780505473,-0.6558877469779019,0.33810411033196247,582
CRM,RSI_Divergence,-32.07346250541212,-0.892953599781829,0.33618860554195457,400
CRM,Bollinger_Mean_Reversion,-33.846804936925736,-0.7051066556293892,0.3422529666660246,330
CRM,Three_MA_Trend,-4.537718272190672,-0.09487287814157286,0.16195651855538182,190
CRM,Dual_Moving_Average_Crossover,-27.471631290208826,-0.7236344448128897,0.3004922225182472,416
CRM,CCI_Mean_Reversion,-21.75096416571841,-0.49188827635684707,0.2573852087615777,316
CRM,Stochastic_RSI_Oscillator,-27.05922522428623,-0.537067781580673,0.27921865483004304,230
CRM,WilliamsR_Momentum,-95.58354862220425,-0.051574644661975505,1.0,20
ORCL,Oversold_Bounce,12717.067781751688,0.3808349594101907,0.8227953445137778,2
ORCL,MACDTrend,-71.63658764624043,-1.3035581586148355,0.7209706766492742,1508
ORCL,ADXTrend,-45.88559435483518,-0.6501906547603824,0.502711450914294,1004
ORCL,RSI_Divergence,-43.45889096851918,-0.6213336023027994,0.43862881759274125,726
ORCL,Bollinger_Mean_Reversion,-40.53706164644696,-0.4625497789809031,0.45108910338374963,580
ORCL,Three_MA_Trend,-14.632167696724252,-0.14928008139643165,0.3317278226739241,362
ORCL,Dual_Moving_Average_Crossover,-37.05989792017876,-0.5116359560078924,0.40481181221611656,740
ORCL,CCI_Mean_Reversion,-52.402157208174614,-0.5226526307624615,0.5624915238733406,604
ORCL,Stochastic_RSI_Oscillator,-46.00682184343612,-0.3517495421629792,0.47850900276644764,390
ORCL,WilliamsR_Momentum,151.5244713651046,0.1883660356670856,0.5651295139850848,44
ADBE,Oversold_Bounce,19226.97404012,0.3579592730809989,0.7765045583732793,2
ADBE,MACDTrend,-76.14019817523457,-1.2742250736822505,0.7720781958137353,1608
ADBE,ADXTrend,-42.49414615505982,-0.5233225503428852,0.5239420347592662,1004
ADBE,RSI_Divergence,-49.71813097095231,-0.6654354445457056,0.5356848158935654,788
ADBE,Bollinger_Mean_Reversion,-51.92059524873236,-0.6051831986028715,0.5420569452953506,564
ADBE,Three_MA_Trend,-3.927653661339951,-0.03661358596664095,0.2129703030841315,332
ADBE,Dual_Moving_Average_Crossover,-39.1599785378973,-0.46862705100559937,0.5036379435225621,750
ADBE,CCI_Mean_Reversion,-48.01758968999237,-0.5674522615268979,0.5077503133247443,588
ADBE,Stochastic_RSI_Oscillator,-37.935773164605024,-0.41296108152022654,0.4109330194028048,396
ADBE,WilliamsR_Momentum,-37.62781042267498,-0.23334366762333564,0.4960630867627409,48
PYPL,Oversold_Bounce,1.0771424299999925,0.0080471085689882,0.5171513279135473,2
PYPL,MACDTrend,-33.218767489787524,-1.6853610490046635,0.3404120748978753,448
PYPL,ADXTrend,-10.899081378264878,-0.4242766238454026,0.1670650582323543,282
PYPL,RSI_Divergence,-28.43164300847496,-0.8919023380771994,0.28654709161469916,222
PYPL,Bollinger_Mean_Reversion,-25.11891606795747,-0.7989194820605516,0.2511891606795747,186
PYPL,Three_MA_Trend,3.2597837611450666,0.12438399587948216,0.0582180248629023,82
PYPL,Dual_Moving_Average_Crossover,-9.717653829464966,-0.38356712206631693,0.16090970252087738,206
PYPL,CCI_Mean_Reversion,-12.803411680592442,-0.7009345729244479,0.13630540910168173,146
PYPL,Stochastic_RSI_Oscillator,-13.272670601179998,-0.6917709822993142,0.14467271004116639,102
PYPL,WilliamsR_Momentum,-18.883946008180022,-0.06423246472106174,0.8045590366005699,12
SHOP,Oversold_Bounce,521.2749108689999,0.46180690659817997,0.768070986342955,2
SHOP,MACDTrend,-30.217336709540437,-1.0500394885963353,0.33140974168962073,444
SHOP,ADXTrend,-6.011199574856975,-0.17905792957860997,0.13378359529838227,288
SHOP,RSI_Divergence,-11.355566608179899,-0.1817101218125078,0.25989870040561186,190
SHOP,Bollinger_Mean_Reversion,-14.201725855914512,-0.43003723372109615,0.20537939610265385,152
SHOP,Three_MA_Trend,-2.386850949727974,-0.07380623847427546,0.1178412329584092,100
SHOP,Dual_Moving_Average_Crossover,8.545200304473575,0.20063889539211613,0.142250233798146,170
SHOP,CCI_Mean_Reversion,-20.042045492007556,-0.592281111618346,0.25273279643950175,144
SHOP,Stochastic_RSI_Oscillator,-16.277990918364477,-0.3867152917106906,0.26090888132165535,116
SHOP,WilliamsR_Momentum,-0.4101383000184578,-0.0019087411353281864,0.6108266866604344,12
