symbol,strategy_rank,strategy_name,params,sharpe,return_pct,max_dd_pct,num_trades
UBER,9,Stooq_V2,RSI(14/35/65) SL=10% TP=15%,102.73450373779822,10.926812585499327,0.0,2
UBER,8,Stooq_V2,RSI(14/35/65) SL=10% TP=20%,102.73450373779822,10.926812585499327,0.0,2
UBER,7,Stooq_V2,RSI(14/35/65) SL=10% TP=25%,102.73450373779822,10.926812585499327,0.0,2
UBER,6,Stooq_V2,RSI(14/35/65) SL=10% TP=30%,102.73450373779822,10.926812585499327,0.0,2
UBER,4,Stooq_V2,RSI(14/35/65) SL=15% TP=30%,102.73450373779822,10.926812585499327,0.0,2
UBER,3,Stooq_V2,RSI(14/35/65) SL=15% TP=25%,102.73450373779822,10.926812585499327,0.0,2
UBER,2,Stooq_V2,RSI(14/35/65) SL=15% TP=20%,102.73450373779822,10.926812585499327,0.0,2
TSM,7,Stooq_V2,RSI(14/35/65) SL=10% TP=25%,92.4350045624781,31.056510711548356,6.287141918513737,14
TSM,9,Stooq_V2,RSI(14/35/65) SL=10% TP=15%,92.4350045624781,31.056510711548356,6.287141918513737,14
TSM,8,Stooq_V2,RSI(14/35/65) SL=10% TP=20%,92.4350045624781,31.056510711548356,6.287141918513737,14
TSM,2,Stooq_V2,RSI(14/35/65) SL=15% TP=20%,92.4350045624781,31.056510711548356,6.287141918513737,14
TSM,3,Stooq_V2,RSI(14/35/65) SL=15% TP=25%,92.4350045624781,31.056510711548356,6.287141918513737,14
TSM,4,Stooq_V2,RSI(14/35/65) SL=15% TP=30%,92.4350045624781,31.056510711548356,6.287141918513737,14
TSM,6,Stooq_V2,RSI(14/35/65) SL=10% TP=30%,92.4350045624781,31.056510711548356,6.287141918513737,14
MSFT,1,Stooq_V2,RSI(7/35/80) SL=8% TP=10%,33.74330351786166,6.8595070500145665,7.770859479353199,8
MU,8,Stooq_V2,RSI(14/35/65) SL=10% TP=20%,31.115454648602288,94.46100463246563,44.68112097332232,45
MU,9,Stooq_V2,RSI(14/35/65) SL=10% TP=15%,23.976197126052806,61.22975094101781,44.68112097332232,45
ORCL,10,Stooq_V2,RSI(10/40/75) SL=8% TP=10%,23.125509785198414,10.600679836398019,19.533799717412588,13
MU,6,Stooq_V2,RSI(14/35/65) SL=10% TP=30%,18.89645190846636,52.25406001397004,44.68112097332232,47
MU,7,Stooq_V2,RSI(14/35/65) SL=10% TP=25%,17.550759059387573,46.39813462881727,44.68112097332232,47
MU,2,Stooq_V2,RSI(14/35/65) SL=15% TP=20%,15.347670129538402,40.903953930152,50.811231900024765,46
NVDA,1,Stooq_V2,RSI(7/35/80) SL=8% TP=10%,11.406812921186699,7.600696105638229,18.299979968704168,6
META,8,Stooq_V2,RSI(14/35/65) SL=10% TP=20%,10.409070388727748,1.5787881491389415,8.98251192368839,6
META,9,Stooq_V2,RSI(14/35/65) SL=10% TP=15%,10.409070388727748,1.5787881491389415,8.98251192368839,6
META,6,Stooq_V2,RSI(14/35/65) SL=10% TP=30%,10.409070388727748,1.5787881491389415,8.98251192368839,6
META,4,Stooq_V2,RSI(14/35/65) SL=15% TP=30%,10.409070388727748,1.5787881491389415,8.98251192368839,6
META,3,Stooq_V2,RSI(14/35/65) SL=15% TP=25%,10.409070388727748,1.5787881491389415,8.98251192368839,6
META,2,Stooq_V2,RSI(14/35/65) SL=15% TP=20%,10.409070388727748,1.5787881491389415,8.98251192368839,6
META,7,Stooq_V2,RSI(14/35/65) SL=10% TP=25%,10.409070388727748,1.5787881491389415,8.98251192368839,6
AMZN,10,Stooq_V2,RSI(10/40/75) SL=8% TP=10%,6.745013389242297,1.6493172907935658,11.85328185328184,2
AAPL,5,Trend_Filtered,RSI(7/40/75) SMA(50/200) SL=5% TP=8%,5.775593271554469,3.781059584958493,20.835492227979294,6
MSFT,5,Trend_Filtered,RSI(7/40/75) SMA(50/200) SL=5% TP=8%,4.792829893288971,0.6313591394335962,6.340497028362228,4
NVDA,5,Trend_Filtered,RSI(7/40/75) SMA(50/200) SL=5% TP=8%,4.76972394995447,0.6220440344637027,4.9182930044606605,2
AMD,10,Stooq_V2,RSI(10/40/75) SL=8% TP=10%,4.2683623384843346,5.693130083960874,42.94712153680079,23
MU,4,Stooq_V2,RSI(14/35/65) SL=15% TP=30%,4.1341934888067575,10.321342309394693,50.81123190002478,48
MU,3,Stooq_V2,RSI(14/35/65) SL=15% TP=25%,2.538651233805516,6.078213759033359,50.81123190002478,48
META,1,Stooq_V2,RSI(7/35/80) SL=8% TP=10%,0.0,0.0,0.0,0
AMZN,5,Trend_Filtered,RSI(7/40/75) SMA(50/200) SL=5% TP=8%,0.0,0.0,0.0,0
META,5,Trend_Filtered,RSI(7/40/75) SMA(50/200) SL=5% TP=8%,0.0,0.0,0.0,0
UBER,10,Stooq_V2,RSI(10/40/75) SL=8% TP=10%,0.0,0.0,0.0,0
AMZN,1,Stooq_V2,RSI(7/35/80) SL=8% TP=10%,0.0,0.0,0.0,0
UBER,1,Stooq_V2,RSI(7/35/80) SL=8% TP=10%,0.0,0.0,0.0,0
TSM,1,Stooq_V2,RSI(7/35/80) SL=8% TP=10%,0.0,0.0,0.0,0
TSM,5,Trend_Filtered,RSI(7/40/75) SMA(50/200) SL=5% TP=8%,0.0,0.0,0.0,0
UBER,5,Trend_Filtered,RSI(7/40/75) SMA(50/200) SL=5% TP=8%,0.0,0.0,0.0,0
AAPL,1,Stooq_V2,RSI(7/35/80) SL=8% TP=10%,-4.100380668831776,-3.3418452515873067,29.54175582191515,10
META,10,Stooq_V2,RSI(10/40/75) SL=8% TP=10%,-10.68189606557628,-1.6326530612244823,11.16428943752073,2
ORCL,1,Stooq_V2,RSI(7/35/80) SL=8% TP=10%,-15.383008210872623,-5.95873195495033,19.533799717412588,5
AAPL,9,Stooq_V2,RSI(14/35/65) SL=10% TP=15%,-18.573340286621328,-30.545627057702674,63.720237635390816,46
AMZN,9,Stooq_V2,RSI(14/35/65) SL=10% TP=15%,-22.745631632927033,-14.53194969512109,30.93977055449331,19
AMZN,8,Stooq_V2,RSI(14/35/65) SL=10% TP=20%,-22.745631632927033,-14.53194969512109,30.93977055449331,19
AMZN,7,Stooq_V2,RSI(14/35/65) SL=10% TP=25%,-22.745631632927033,-14.53194969512109,30.93977055449331,19
AMZN,6,Stooq_V2,RSI(14/35/65) SL=10% TP=30%,-22.745631632927033,-14.53194969512109,30.93977055449331,19
ORCL,6,Stooq_V2,RSI(14/35/65) SL=10% TP=30%,-25.3280550879905,-28.048088775395037,56.925847233050696,36
ORCL,8,Stooq_V2,RSI(14/35/65) SL=10% TP=20%,-25.3280550879905,-28.048088775395037,56.925847233050696,36
ORCL,9,Stooq_V2,RSI(14/35/65) SL=10% TP=15%,-25.3280550879905,-28.048088775395037,56.925847233050696,36
ORCL,7,Stooq_V2,RSI(14/35/65) SL=10% TP=25%,-25.3280550879905,-28.048088775395037,56.925847233050696,36
TSM,10,Stooq_V2,RSI(10/40/75) SL=8% TP=10%,-26.79076409570363,-10.159665296158826,19.007540547482492,7
AAPL,10,Stooq_V2,RSI(10/40/75) SL=8% TP=10%,-26.925048904755606,-25.70556253993162,47.13708538967025,21
AMZN,3,Stooq_V2,RSI(14/35/65) SL=15% TP=25%,-27.15239331722609,-19.2801747120588,34.776449968132574,19
AMZN,4,Stooq_V2,RSI(14/35/65) SL=15% TP=30%,-27.15239331722609,-19.2801747120588,34.776449968132574,19
AMZN,2,Stooq_V2,RSI(14/35/65) SL=15% TP=20%,-27.15239331722609,-19.2801747120588,34.776449968132574,19
ORCL,5,Trend_Filtered,RSI(7/40/75) SMA(50/200) SL=5% TP=8%,-33.92469526918175,-11.00875317261224,16.90990188211083,3
MSFT,9,Stooq_V2,RSI(14/35/65) SL=10% TP=15%,-38.65015337989739,-22.214160947972427,34.55578015634024,18
MSFT,8,Stooq_V2,RSI(14/35/65) SL=10% TP=20%,-38.65015337989739,-22.214160947972427,34.55578015634024,18
MSFT,7,Stooq_V2,RSI(14/35/65) SL=10% TP=25%,-38.65015337989739,-22.214160947972427,34.55578015634024,18
MSFT,6,Stooq_V2,RSI(14/35/65) SL=10% TP=30%,-38.65015337989739,-22.214160947972427,34.55578015634024,18
NVDA,2,Stooq_V2,RSI(14/35/65) SL=15% TP=20%,-42.02070258570643,-53.78380114017318,78.62831988323407,25
NVDA,3,Stooq_V2,RSI(14/35/65) SL=15% TP=25%,-42.02070258570643,-53.78380114017318,78.62831988323407,25
NVDA,4,Stooq_V2,RSI(14/35/65) SL=15% TP=30%,-42.02070258570643,-53.78380114017318,78.62831988323407,25
MSFT,10,Stooq_V2,RSI(10/40/75) SL=8% TP=10%,-42.43581153818591,-21.67998656605155,21.67998656605155,10
MU,5,Trend_Filtered,RSI(7/40/75) SMA(50/200) SL=5% TP=8%,-44.40200799788896,-9.788118546332306,10.847754364672484,1
AMD,1,Stooq_V2,RSI(7/35/80) SL=8% TP=10%,-44.578989438839834,-32.16416375636149,32.16416375636149,7
MU,10,Stooq_V2,RSI(10/40/75) SL=8% TP=10%,-48.135593448599984,-48.12767327418133,65.6427134812904,11
AAPL,3,Stooq_V2,RSI(14/35/65) SL=15% TP=25%,-52.542192361612926,-70.60949897228488,81.74107293890818,49
AAPL,2,Stooq_V2,RSI(14/35/65) SL=15% TP=20%,-52.542192361612926,-70.60949897228488,81.74107293890818,49
AAPL,4,Stooq_V2,RSI(14/35/65) SL=15% TP=30%,-52.542192361612926,-70.60949897228488,81.74107293890818,49
MU,1,Stooq_V2,RSI(7/35/80) SL=8% TP=10%,-55.34998720714295,-45.00297473144172,52.601705755976155,7
NVDA,10,Stooq_V2,RSI(10/40/75) SL=8% TP=10%,-55.58475363659844,-40.23311275673281,54.84191031068821,9
ORCL,4,Stooq_V2,RSI(14/35/65) SL=15% TP=30%,-55.764548092175076,-56.80184092125621,74.13933734712957,36
ORCL,3,Stooq_V2,RSI(14/35/65) SL=15% TP=25%,-55.764548092175076,-56.80184092125621,74.13933734712957,36
ORCL,2,Stooq_V2,RSI(14/35/65) SL=15% TP=20%,-55.764548092175076,-56.80184092125621,74.13933734712957,36
AAPL,6,Stooq_V2,RSI(14/35/65) SL=10% TP=30%,-58.11776235440863,-68.0667402741858,80.16137732368996,47
AAPL,7,Stooq_V2,RSI(14/35/65) SL=10% TP=25%,-58.11776235440863,-68.0667402741858,80.16137732368996,47
AAPL,8,Stooq_V2,RSI(14/35/65) SL=10% TP=20%,-58.11776235440863,-68.0667402741858,80.16137732368996,47
AMD,7,Stooq_V2,RSI(14/35/65) SL=10% TP=25%,-58.4069129111247,-91.83901021480945,93.94287481864865,79
AMD,8,Stooq_V2,RSI(14/35/65) SL=10% TP=20%,-58.68369517782639,-92.16544980621707,94.18515982590272,79
AMD,9,Stooq_V2,RSI(14/35/65) SL=10% TP=15%,-58.95338026245984,-92.49188939762469,94.42744483315676,79
AMD,3,Stooq_V2,RSI(14/35/65) SL=15% TP=25%,-58.9770709359003,-89.14334628149842,92.30994747601817,83
AMD,2,Stooq_V2,RSI(14/35/65) SL=15% TP=20%,-59.32334565055473,-89.57761243023849,92.30994747601817,83
AMD,6,Stooq_V2,RSI(14/35/65) SL=10% TP=30%,-59.99011108217282,-93.91383812629857,95.48282189865323,80
AMD,5,Trend_Filtered,RSI(7/40/75) SMA(50/200) SL=5% TP=8%,-60.33539900204039,-25.066036254018776,25.066036254018776,2
AMD,4,Stooq_V2,RSI(14/35/65) SL=15% TP=30%,-61.039919552063076,-91.90351248111747,92.99746273189832,84
MSFT,2,Stooq_V2,RSI(14/35/65) SL=15% TP=20%,-63.68398958847484,-42.04802563705214,51.24277379014741,18
MSFT,3,Stooq_V2,RSI(14/35/65) SL=15% TP=25%,-63.68398958847484,-42.04802563705214,51.24277379014741,18
MSFT,4,Stooq_V2,RSI(14/35/65) SL=15% TP=30%,-63.68398958847484,-42.04802563705214,51.24277379014741,18
NVDA,9,Stooq_V2,RSI(14/35/65) SL=10% TP=15%,-77.28456307499532,-61.41367771740237,77.05886452543447,24
NVDA,8,Stooq_V2,RSI(14/35/65) SL=10% TP=20%,-77.28456307499532,-61.41367771740237,77.05886452543447,24
NVDA,7,Stooq_V2,RSI(14/35/65) SL=10% TP=25%,-77.28456307499532,-61.41367771740237,77.05886452543447,24
NVDA,6,Stooq_V2,RSI(14/35/65) SL=10% TP=30%,-77.28456307499532,-61.41367771740237,77.05886452543447,24
